GEO_ID,NAME,S0502_C01_001E,S0502_C01_001M,S0502_C01_002E,S0502_C01_002M,S0502_C01_003E,S0502_C01_003M,S0502_C01_004E,S0502_C01_004M,S0502_C01_005E,S0502_C01_005M,S0502_C01_006E,S0502_C01_006M,S0502_C01_007E,S0502_C01_007M,S0502_C01_008E,S0502_C01_008M,S0502_C01_009E,S0502_C01_009M,S0502_C01_010E,S0502_C01_010M,S0502_C01_011E,S0502_C01_011M,S0502_C01_012E,S0502_C01_012M,S0502_C01_013E,S0502_C01_013M,S0502_C01_014E,S0502_C01_014M,S0502_C01_015E,S0502_C01_015M,S0502_C01_016E,S0502_C01_016M,S0502_C01_017E,S0502_C01_017M,S0502_C01_018E,S0502_C01_018M,S0502_C01_019E,S0502_C01_019M,S0502_C01_020E,S0502_C01_020M,S0502_C01_021E,S0502_C01_021M,S0502_C01_022E,S0502_C01_022M,S0502_C01_022EA,S0502_C01_023E,S0502_C01_023M,S0502_C01_024E,S0502_C01_024M,S0502_C01_025E,S0502_C01_025M,S0502_C01_026E,S0502_C01_026M,S0502_C01_027E,S0502_C01_027M,S0502_C01_028E,S0502_C01_028M,S0502_C01_029E,S0502_C01_029M,S0502_C01_030E,S0502_C01_030M,S0502_C01_031E,S0502_C01_031M,S0502_C01_032E,S0502_C01_032M,S0502_C01_033E,S0502_C01_033M,S0502_C01_034E,S0502_C01_034M,S0502_C01_035E,S0502_C01_035M,S0502_C01_036E,S0502_C01_036M,S0502_C01_037E,S0502_C01_037M,S0502_C01_038E,S0502_C01_038M,S0502_C01_039E,S0502_C01_039M,S0502_C01_040E,S0502_C01_040M,S0502_C01_041E,S0502_C01_041M,S0502_C01_042E,S0502_C01_042M,S0502_C01_043E,S0502_C01_043M,S0502_C01_044E,S0502_C01_044M,S0502_C01_045E,S0502_C01_045M,S0502_C01_046E,S0502_C01_046M,S0502_C01_047E,S0502_C01_047M,S0502_C01_048E,S0502_C01_048M,S0502_C01_048EA,S0502_C01_049E,S0502_C01_049M,S0502_C01_050E,S0502_C01_050M,S0502_C01_051E,S0502_C01_051M,S0502_C01_052E,S0502_C01_052M,S0502_C01_053E,S0502_C01_053M,S0502_C01_054E,S0502_C01_054M,S0502_C01_055E,S0502_C01_055M,S0502_C01_056E,S0502_C01_056M,S0502_C01_057E,S0502_C01_057M,S0502_C01_058E,S0502_C01_058M,S0502_C01_059E,S0502_C01_059M,S0502_C01_060E,S0502_C01_060M,S0502_C01_061E,S0502_C01_061M,S0502_C01_062E,S0502_C01_062M,S0502_C01_063E,S0502_C01_063M,S0502_C01_064E,S0502_C01_064M,S0502_C01_065E,S0502_C01_065M,S0502_C01_066E,S0502_C01_066M,S0502_C01_067E,S0502_C01_067M,S0502_C01_068E,S0502_C01_068M,S0502_C01_069E,S0502_C01_069M,S0502_C01_070E,S0502_C01_070M,S0502_C01_071E,S0502_C01_071M,S0502_C01_072E,S0502_C01_072M,S0502_C01_073E,S0502_C01_073M,S0502_C01_074E,S0502_C01_074M,S0502_C01_075E,S0502_C01_075M,S0502_C01_076E,S0502_C01_076M,S0502_C01_077E,S0502_C01_077M,S0502_C01_078E,S0502_C01_078M,S0502_C01_079E,S0502_C01_079M,S0502_C01_080E,S0502_C01_080M,S0502_C01_081E,S0502_C01_081M,S0502_C01_082E,S0502_C01_082M,S0502_C01_083E,S0502_C01_083M,S0502_C01_084E,S0502_C01_084M,S0502_C01_085E,S0502_C01_085M,S0502_C01_086E,S0502_C01_086M,S0502_C01_087E,S0502_C01_087M,S0502_C01_088E,S0502_C01_088M,S0502_C01_089E,S0502_C01_089M,S0502_C01_090E,S0502_C01_090M,S0502_C01_091E,S0502_C01_091M,S0502_C01_092E,S0502_C01_092M,S0502_C01_093E,S0502_C01_093M,S0502_C01_094E,S0502_C01_094M,S0502_C01_095E,S0502_C01_095M,S0502_C01_096E,S0502_C01_096M,S0502_C01_097E,S0502_C01_097M,S0502_C01_098E,S0502_C01_098M,S0502_C01_099E,S0502_C01_099M,S0502_C01_100E,S0502_C01_100M,S0502_C01_101E,S0502_C01_101M,S0502_C01_102E,S0502_C01_102M,S0502_C01_103E,S0502_C01_103M,S0502_C01_104E,S0502_C01_104M,S0502_C01_105E,S0502_C01_105M,S0502_C01_106E,S0502_C01_106M,S0502_C01_107E,S0502_C01_107M,S0502_C01_108E,S0502_C01_108M,S0502_C01_109E,S0502_C01_109M,S0502_C01_110E,S0502_C01_110M,S0502_C01_111E,S0502_C01_111M,S0502_C01_112E,S0502_C01_112M,S0502_C01_113E,S0502_C01_113M,S0502_C01_114E,S0502_C01_114M,S0502_C01_115E,S0502_C01_115M,S0502_C01_116E,S0502_C01_116M,S0502_C01_117E,S0502_C01_117M,S0502_C01_118E,S0502_C01_118M,S0502_C01_119E,S0502_C01_119M,S0502_C01_120E,S0502_C01_120M,S0502_C01_121E,S0502_C01_121M,S0502_C01_122E,S0502_C01_122M,S0502_C01_123E,S0502_C01_123M,S0502_C01_124E,S0502_C01_124M,S0502_C01_125E,S0502_C01_125M,S0502_C01_126E,S0502_C01_126M,S0502_C01_127E,S0502_C01_127M,S0502_C01_128E,S0502_C01_128M,S0502_C01_129E,S0502_C01_129M,S0502_C01_130E,S0502_C01_130M,S0502_C01_131E,S0502_C01_131M,S0502_C01_132E,S0502_C01_132M,S0502_C01_133E,S0502_C01_133M,S0502_C01_134E,S0502_C01_134M,S0502_C01_135E,S0502_C01_135M,S0502_C01_136E,S0502_C01_136M,S0502_C01_137E,S0502_C01_137M,S0502_C01_138E,S0502_C01_138M,S0502_C01_139E,S0502_C01_139M,S0502_C01_140E,S0502_C01_140M,S0502_C01_141E,S0502_C01_141M,S0502_C01_142E,S0502_C01_142M,S0502_C01_143E,S0502_C01_143M,S0502_C01_144E,S0502_C01_144M,S0502_C01_145E,S0502_C01_145M,S0502_C01_146E,S0502_C01_146M
0400000US01,Alabama,173429,3378,41.2,1.1,58.8,1.1,173429,3378,11.5,0.7,32,0.8,5.2,0.5,0.6,0.1,48.5,1,2.3,0.3,50.1,0.7,49.9,0.7,0.9,0.2,7.2,0.6,8.7,0.6,41.5,1,17.8,0.6,12.4,0.5,7,0.4,3.5,0.3,1.1,0.2,41,0.4,null,91.8,0.8,34.3,1.4,7,0.6,1.5,0.3,28.6,0.7,0.1,0.1,20.2,1.1,8.2,0.8,45,1.1,17.5,0.9,64,1.2,33.8,1.2,3.12,0.06,3.76,0.07,163254,3111,24.7,1.1,60.6,1.1,10.7,0.7,3.9,0.4,27112,1523,2,0.7,29.4,2.7,19.4,2.1,49.1,3,144371,2706,28.1,1.1,null,21.5,0.9,18.1,1,16.2,0.9,16,0.8,171894,3309,21.6,1,78.4,1,44.1,1.2,162252,3070,65.3,1,64.9,1,62.9,0.9,1.9,0.3,3,0.4,0.5,0.2,34.7,1,102119,2327,80.6,1.2,10.1,0.8,9.1,0.8,0.2,0.1,34.3,1.3,18.8,1.2,12.3,0.9,17.2,1.1,17.5,1,1.5,0.4,15.1,1,19.5,1.1,1.1,0.3,9.5,1,2.6,0.5,0.6,0.2,2.9,0.4,10.6,0.9,18,0.9,10,0.8,6.4,0.7,2,0.3,75656,2031,1.8,0.4,4.2,0.7,17.9,1.3,19.9,1.5,17,1.1,17.3,1.4,21.7,1.6,41418,1401,35342,1767,72422,1664,87.3,1,78680,2662,15.9,1,19396,940,2.3,0.5,10760,1419,1.4,0.3,3154,635,11,1,27631,3473,10.4,0.9,50811,1902,1.37,0.03,169543,3447,19.5,1.1,22.2,1.2,58.3,1.3,19.8,1.7,27.6,2.5,28.6,6.5,15.5,1.7,21.6,2.7,26.2,7.6,40.5,4.8,51.7,5,50.3,13.6,72422,1664,56.9,1.5,43.1,1.5,3.2,0.07,3.02,0.08,2.9,0.6,11.6,1.1,38.6,1.5,30.7,1.4,16.2,1,5.3,0.2,7.7,0.8,4.4,0.6,95.6,0.6,2.3,0.5,26,1.4,41243,1492,80.4,1.6,19.6,1.6,31179,1276,60.4,2.2,39.6,2.2
0400000US02,Alaska,57925,1950,60.1,1.9,39.9,1.9,57925,1950,12.2,1.1,55.9,1.7,4.2,1,6.1,1.2,16.8,1.6,4.9,0.7,45.6,1.3,54.4,1.3,0.6,0.2,6.3,1,5.9,0.7,35.2,1.4,19.8,1.2,16.4,0.9,9.7,0.8,4.5,0.6,1.6,0.3,46.1,1.1,null,95.2,0.9,24.7,1.6,5.7,1,0.8,0.3,52.7,1.8,4.9,1,6.4,0.9,4.8,0.9,14.7,1.4,18.9,1.3,62.5,2.2,32.4,2.1,3.18,0.1,3.77,0.11,55134,1763,20.8,1.5,61.7,1.7,12,1.1,5.5,0.7,7081,787,2,1.3,31.5,5,20.1,3.7,46.5,5.4,50529,1591,12.9,1.5,null,29.2,1.6,28.5,1.6,19.7,1.5,9.8,1,57606,1923,23.1,1.7,76.9,1.7,35.6,1.9,54789,1725,71.5,1.5,69.6,1.7,66.7,1.7,2.9,0.6,4.2,0.8,1.8,0.6,28.5,1.5,36551,1373,77.2,1.7,17.1,1.6,5.4,0.9,0.3,0.2,28.5,1.7,27.4,2.3,17.5,1.2,7.5,1.2,19.1,1.8,2.5,0.7,3.2,0.7,12,1.6,1.6,0.6,12,1.3,10,1.5,1,0.3,3.9,0.8,6.4,1.2,25.1,1.9,12.3,1.3,4.1,0.9,5.9,1,25331,1168,1.9,0.7,2.2,0.7,10.8,1.6,17.1,1.9,21,2,22,2.3,25,2.2,50800,2184,42469,1845,21764,887,87,1.5,95031,4673,20.3,1.7,15706,967,4.9,1,9689,974,9.3,1.3,4739,593,15.4,1.8,32376,4841,12.7,1.8,73343,4717,1.56,0.06,57399,1933,10.2,1.7,17.5,1.9,72.3,2.1,8.3,2.1,10.9,3.1,10.5,7.3,5.4,2,6.3,2.9,8.6,8.6,18.3,6.3,28.4,8.9,26.4,19.1,21764,887,59.1,2.8,40.9,2.8,3.4,0.15,2.86,0.16,3.1,0.7,17.8,2.4,45.5,2.9,20.5,2.2,13.1,1.9,4.8,0.2,11.7,1.7,9.7,1.6,90.3,1.6,0.9,0.5,20,2.4,12855,809,72.7,3.2,27.3,3.2,8909,695,63.1,3.7,36.9,3.7
0400000US04,Arizona,922119,9249,46.2,0.6,53.8,0.6,922119,9249,9.3,0.3,20.5,0.3,3.7,0.3,0.6,0.1,61.6,0.5,4.4,0.2,48.1,0.3,51.9,0.3,0.5,0.1,4.1,0.3,6.6,0.3,36.4,0.4,20.4,0.3,15.3,0.3,10.2,0.2,4.8,0.2,1.6,0.1,46.1,0.3,null,85.5,0.5,48.2,0.7,3.9,0.3,0.8,0.1,16.9,0.3,0.3,0.1,15.5,0.6,14.5,0.5,60.3,0.5,17.3,0.5,63.7,0.7,34.9,0.7,3.15,0.03,3.62,0.03,892384,8519,21,0.5,61.3,0.6,12.3,0.4,5.4,0.2,96582,3591,1.4,0.3,23,1.5,19.1,1,56.4,1.7,819593,7780,31.3,0.5,null,22.9,0.5,20.8,0.5,13.8,0.4,11.2,0.3,917688,9112,17.4,0.4,82.6,0.4,45,0.5,888262,8435,63.4,0.4,63.3,0.4,60.6,0.4,2.6,0.2,4.2,0.3,0.1,0.1,36.6,0.4,538635,5936,81.2,0.5,9.4,0.3,9.1,0.4,0.3,0.1,30.6,0.6,24.9,0.6,15.2,0.4,15.3,0.5,14,0.4,2.5,0.2,11.8,0.4,9.3,0.4,2.3,0.2,9.2,0.4,5.4,0.3,1,0.1,6.2,0.3,14.7,0.4,19.1,0.4,10.4,0.5,5.7,0.3,2.6,0.2,401743,5224,1.8,0.2,2.9,0.2,14.6,0.6,20.4,0.7,21.2,0.7,17.4,0.6,21.7,0.6,43576,636,36881,594,407616,4480,83.9,0.4,82980,1340,22.8,0.5,17939,348,4.1,0.3,9240,301,2.4,0.3,3735,794,12.4,0.5,27257,1975,14.5,0.4,57299,877,1.4,0.01,909692,9199,16.5,0.4,23,0.6,60.5,0.6,16,0.5,21.2,0.8,17.7,1.8,11.3,0.5,14,0.8,10.6,1.8,32,1.6,41.6,2.1,39.3,5.7,407616,4480,62,0.7,38,0.7,3.24,0.03,3,0.04,3.1,0.2,14,0.5,41.4,0.7,29.1,0.7,12.3,0.5,5.1,0.1,11.1,0.5,5.8,0.3,94.2,0.3,1.7,0.2,19.1,0.6,252782,3969,75.7,0.9,24.3,0.9,154834,3182,53.9,1.3,46.1,1.3
0400000US05,Arkansas,148159,2978,33.9,1.3,66.1,1.3,148159,2978,6.6,0.6,23.3,0.8,2.9,0.5,4.6,0.5,61,1,1.6,0.3,52,0.8,48,0.8,1.2,0.3,6,0.6,8.3,0.6,44,1,19.1,0.8,12.3,0.6,6.3,0.5,2.1,0.3,0.7,0.2,40.9,0.5,null,88.8,1.1,35.4,1.2,3.1,0.5,1.1,0.3,20.4,0.6,4.3,0.4,24.4,1.3,11.2,1.1,59.1,0.9,11,0.9,65.4,1.5,33.1,1.5,3.24,0.06,3.65,0.08,140493,2705,23.9,1.3,63.1,1.5,9.4,0.7,3.6,0.4,18308,1479,2.5,1.1,30,2.6,21.3,3.1,46.2,3.6,125253,2560,37.8,1.4,null,26.5,1.2,13.8,0.8,11.5,0.9,10.4,0.9,146452,2847,20,1.2,80,1.2,50,1.2,139573,2673,70.7,1,70.6,1,68.9,1,1.8,0.3,2.5,0.4,0.1,0.1,29.3,1,96134,2285,83.5,1.1,6.6,0.6,9.8,1,0.2,0.1,24.4,1.4,19,1.4,11,0.9,18.6,1.1,27,1.5,4.2,0.5,15.8,1.3,23.8,1.5,1.6,0.4,10.1,0.8,3.4,0.4,0.4,0.1,2.2,0.4,9.6,0.9,13.1,1.1,8.8,0.9,5.8,0.8,1.2,0.3,77202,1852,1.6,0.4,2.6,0.5,18.6,1.5,26.5,1.7,20.4,1.5,13.6,1.2,16.7,1.4,38854,1029,29976,909,61768,1526,91.7,0.9,81111,4397,12.7,1,17181,1053,2.8,0.6,10347,1211,1.3,0.5,8297,5538,7.6,0.9,17134,1720,6.8,1.2,55634,2123,1.56,0.03,145918,3002,15.4,1.1,27.7,1.3,56.9,1.6,15,1.5,20.6,2.1,12,4.3,11.3,1.4,15.4,1.9,7.4,3.2,28.9,3.9,40,5.1,21.3,11.9,61768,1526,54.4,1.9,45.6,1.9,3.41,0.09,3.03,0.1,3.2,0.8,12.6,1.2,46.4,2,28.1,1.6,9.7,1,5,0.1,11.4,1,4.4,0.7,95.6,0.7,2.5,0.6,25.9,1.8,33600,1432,81.8,1.8,18.2,1.8,28168,1349,72.6,2.6,27.4,2.6
0400000US06,California,10454949,34327,53.5,0.2,46.5,0.2,10454934,34327,6.5,0.1,40,0.1,2,0.1,0.8,0.1,49.5,0.1,1.2,0.1,48.4,0.1,51.6,0.1,0.5,0.1,3.5,0.1,4.7,0.1,33.6,0.1,21.6,0.1,17.5,0.1,11.1,0.1,5.3,0.1,2.3,0.1,48.5,0.1,null,91.7,0.1,31.5,0.2,1.7,0.1,0.7,0.1,34.8,0.1,0.4,0.1,22.6,0.1,8.3,0.1,48.5,0.1,13.3,0.1,64.8,0.2,34,0.2,3.48,0.01,3.88,0.01,10160982,33735,22.2,0.2,61.6,0.2,10.5,0.1,5.8,0.1,1014825,10488,1.6,0.1,20.7,0.4,18.5,0.3,59.3,0.5,9553602,31117,31.3,0.1,null,19.4,0.1,18.7,0.1,18.1,0.1,12.5,0.1,10404765,34088,11.6,0.1,88.4,0.1,52,0.1,10125858,33432,64.4,0.1,64.3,0.1,60.8,0.1,3.5,0.1,5.4,0.1,0.1,0.1,35.6,0.1,6158973,21460,80.6,0.1,9.9,0.1,9.2,0.1,0.3,0.1,34.7,0.2,21.5,0.2,15.5,0.1,12.7,0.1,15.6,0.1,3.9,0.1,7.9,0.1,12.1,0.1,3.1,0.1,8.4,0.1,6,0.1,2.2,0.1,4.7,0.1,14.8,0.1,18.1,0.1,9.7,0.1,6.1,0.1,2.9,0.1,4478616,18565,1.7,0.1,2.7,0.1,10.8,0.1,16.6,0.2,17.8,0.2,18.3,0.2,32.2,0.2,52644,245,46181,403,4297029,12736,85.6,0.1,112346,512,23.8,0.2,17885,97,7.2,0.1,10030,69,3.8,0.1,5392,95,12.2,0.2,27375,417,11.7,0.1,75279,366,1.6,0.01,10356696,34721,13.3,0.1,19.4,0.2,67.3,0.2,11.6,0.2,15.8,0.3,11.1,0.6,8.4,0.2,10.6,0.3,7.5,0.6,24.1,0.5,35.3,0.7,30.2,2.2,4297029,12736,50.9,0.3,49.1,0.3,3.61,0.01,3.34,0.01,4.8,0.1,18.2,0.1,41.5,0.2,24.4,0.2,11,0.1,4.8,0.1,15.9,0.1,7.9,0.1,92.1,0.1,1.2,0.1,23.7,0.2,2188663,10826,66.2,0.3,33.8,0.3,2108366,14213,45.9,0.3,54.1,0.3
0400000US08,Colorado,545464,7091,46.8,0.7,53.2,0.7,545464,7091,13.4,0.4,25,0.4,7.5,0.5,1,0.2,50.4,0.6,2.7,0.2,49.8,0.5,50.2,0.5,0.7,0.1,5.9,0.3,7.3,0.3,41.7,0.6,20.2,0.4,12.6,0.3,7,0.3,3.4,0.2,1.2,0.1,42.6,0.3,null,87.8,0.6,43.8,0.9,7.4,0.5,0.7,0.1,21.4,0.4,0.3,0.1,14.3,0.7,12.2,0.6,48.8,0.6,20.3,0.5,65.5,0.8,33.3,0.8,3.16,0.04,3.68,0.04,519206,6516,21.3,0.6,62.4,0.7,12.5,0.5,3.9,0.2,71714,2860,2.1,0.4,28,1.5,19.2,1.2,50.7,1.7,470062,5816,27.9,0.6,null,21.7,0.7,18.9,0.6,17.4,0.5,14.1,0.4,541626,7045,19.4,0.5,80.6,0.5,43.2,0.7,516228,6359,70.6,0.5,70.1,0.5,67.4,0.6,2.7,0.2,3.9,0.3,0.5,0.1,29.4,0.5,347940,5032,83.9,0.5,9,0.4,6.8,0.4,0.3,0.1,33.2,0.7,22.9,0.7,13.7,0.5,16.2,0.7,14,0.6,2.4,0.2,14.4,0.6,9.2,0.4,2.2,0.2,7.8,0.4,5,0.3,2.2,0.2,5.1,0.3,14.8,0.6,17.1,0.6,11.4,0.5,5.8,0.3,2.4,0.2,257084,4036,1.6,0.3,2.6,0.3,9.5,0.4,17.3,0.6,21.5,0.7,21.3,0.7,26.1,0.9,52423,857,40843,744,229486,3465,89.6,0.4,94171,1824,15,0.6,17770,529,3.3,0.3,9574,446,3,0.4,3656,454,10,0.5,27926,1792,10.3,0.6,68285,1290,1.54,0.02,538836,6947,12.3,0.5,19.4,0.7,68.3,0.9,11.3,0.6,14.6,0.9,15,3.3,8,0.6,10.2,0.8,11.3,2.5,25.9,2.2,32.5,2.8,30.8,11.5,229486,3465,56.4,0.8,43.6,0.8,3.33,0.05,2.93,0.05,2.7,0.3,16.6,0.6,36.7,0.8,25,0.8,19,0.7,5.1,0.1,9.2,0.5,6.4,0.5,93.6,0.5,1.5,0.2,20.2,0.8,129540,2437,71,1,29,1,99946,2490,49.4,1.4,50.6,1.4
0400000US09,Connecticut,534220,6826,54.1,0.8,45.9,0.8,534209,6827,22.6,0.6,23.8,0.4,5,0.4,0.3,0.1,45.9,0.7,2.4,0.2,48.2,0.4,51.8,0.4,0.6,0.1,5.2,0.3,6.1,0.3,36.8,0.5,19.4,0.4,15.5,0.4,9.2,0.3,4.8,0.2,2.4,0.2,45.6,0.3,null,92.7,0.4,41.1,0.7,15.9,0.5,0.4,0.1,21.4,0.4,0,0.1,13.9,0.6,7.3,0.4,30,0.6,29.8,0.6,64.1,0.8,34.5,0.8,2.93,0.02,3.38,0.03,512204,6447,22.6,0.7,60.4,0.7,11.8,0.3,5.2,0.2,70466,2817,1.5,0.3,24.1,1.4,19.1,1.3,55.4,1.7,470600,6044,18.9,0.6,null,25.3,0.6,19,0.6,18.8,0.5,18,0.5,530816,6831,25.5,0.6,74.5,0.6,38.9,0.7,509244,6256,69.9,0.5,69.8,0.5,65.9,0.5,4,0.3,5.7,0.4,0.1,0.1,30.1,0.5,335351,4825,83.3,0.6,7.9,0.4,8.5,0.5,0.3,0.1,38.1,0.8,24.5,0.7,14.5,0.6,10,0.5,13,0.5,0.4,0.1,8.9,0.5,11.8,0.5,1.7,0.2,8.7,0.4,4.6,0.4,1.4,0.2,7.8,0.3,14.2,0.6,23,0.7,9.6,0.6,6.1,0.3,1.9,0.2,233211,4177,1.5,0.2,1.8,0.3,8.7,0.5,13.8,0.6,17.8,0.7,20.1,0.8,36.2,1,61648,1825,49997,1238,236322,3433,85.8,0.5,113945,2355,22,0.8,20757,424,3.7,0.3,9615,582,2.8,0.3,4551,480,13.6,0.5,27254,1673,11,0.5,74955,1367,1.45,0.02,526755,6814,11,0.5,16.7,0.6,72.3,0.8,9.3,0.6,13.1,1,9.7,2.1,5.8,0.4,7.9,0.8,6.1,2,21,2.1,28.8,2.8,25.4,8.8,236322,3433,56.9,0.8,43.1,0.8,3.05,0.03,2.77,0.04,2.5,0.3,13.8,0.6,39.3,0.9,27.2,0.8,17.2,0.6,5.2,0.1,5.4,0.3,10,0.5,90,0.5,1.1,0.2,21.7,0.7,134448,2591,65.3,1.1,34.7,1.1,101874,2628,49.5,1.3,50.5,1.3
0400000US10,Delaware,94639,3081,52.9,1.6,47.1,1.6,94639,3081,10.1,0.9,33.3,1.1,11.6,1.3,0.2,0.1,43.2,1.4,1.5,0.4,48.6,0.9,51.4,0.9,1.1,0.3,6,0.6,6.4,0.7,42.1,1.2,16.5,0.9,13,0.8,8.9,0.7,4.4,0.5,1.6,0.3,42.4,0.8,null,93.4,0.9,31.5,1.7,20.9,1.4,0.4,0.2,30.2,1.1,0.1,0.1,10.3,1.2,6.6,0.9,31.7,1,15.2,1,64.2,2,34.8,2,3.07,0.07,3.59,0.09,89300,2769,23.6,1.5,61,1.8,10.4,1.1,5.1,0.6,14238,1098,2.4,1.4,27.1,3.4,14.5,2.4,56,3.7,81892,2573,22.5,1.3,null,21.7,1.5,18.7,1.4,17.5,1.4,19.5,1.2,93580,2969,22.8,1.4,77.2,1.4,35.8,1.6,88990,2745,69.4,1.3,69.3,1.3,66.3,1.4,3,0.5,4.4,0.7,0.1,0.1,30.6,1.3,58961,2286,85.2,1.6,10.1,1.4,4.6,0.8,0.1,0.1,42.1,1.6,20.1,1.4,13.5,1.1,10.3,1.2,14,1.3,1.8,0.4,8.3,1.2,10.1,1.3,1.7,0.4,10,1.2,6.5,1.1,0.4,0.2,11.9,1.1,13.1,1.2,22.4,1.4,8.3,1.1,2.9,0.6,2.6,0.5,45029,2088,1.7,0.6,2,0.6,9.1,1,15.1,1.6,18.9,1.8,22.1,2.3,31.1,2.1,53995,2029,50508,3391,42322,1598,87.8,1.4,100486,5770,19.9,1.5,22522,1322,2.9,0.8,10288,1456,2.9,0.8,2077,709,13.3,1.4,33710,6901,10.3,1.4,74251,3366,1.44,0.04,93517,3019,11.7,1.3,16.7,1.6,71.6,2,10,1.3,14.2,2.1,8.9,4.7,7.7,1.4,10.5,2.3,6.9,4.5,20.5,4.4,25.9,5.6,12.6,14.4,42322,1598,58.3,2.1,41.7,2.1,3.07,0.09,3.08,0.13,1.2,0.4,10.9,1.3,35.5,2.2,27.7,1.8,24.7,1.8,5.6,0.2,5.9,0.8,4.7,0.9,95.3,0.9,0.9,0.3,17.8,1.7,24685,1298,73.8,2.6,26.2,2.6,17637,1093,59.3,4.2,40.7,4.2
0400000US11,District of Columbia,92191,2444,46.7,1.4,53.3,1.4,92191,2444,17.6,1.1,22,1,15.6,1.3,0.9,0.2,41.5,1.6,2.4,0.4,47.3,1.1,52.7,1.1,0.8,0.2,4,0.6,7.4,0.8,46,1.3,16.7,0.9,12.3,0.7,7.3,0.5,3.8,0.5,1.6,0.5,41.1,0.6,null,91.6,1,33.2,1.5,22.2,1.6,0.8,0.4,17.7,0.9,0.1,0.1,17.6,1.5,8.4,1,35.2,1.3,23.3,1.1,47,2.2,48.7,2.1,2.31,0.06,3.23,0.1,88673,2254,37.4,1.6,46.9,1.7,12.3,1.1,3.4,0.6,14680,1072,0.9,0.6,16.8,2.9,10.9,1.9,71.5,3.3,80886,2217,16.6,1.3,null,12.9,1.3,12.5,0.9,19,1.2,38.9,1.6,91422,2399,29.1,1.3,70.9,1.3,30.7,1.5,88364,2264,74.5,1.1,74.3,1.1,71,1.2,3.3,0.5,4.4,0.7,0.2,0.1,25.5,1.1,62773,2047,73.1,1.4,20.7,1.4,5.9,0.8,0.3,0.2,58.6,2.1,21.7,1.7,10.6,1.2,4.7,0.9,4.3,0.8,0.1,0.1,4.9,0.9,1,0.3,0.5,0.2,3.2,0.7,3.6,0.7,2.6,0.6,7.7,0.9,21.4,1.5,16.7,1.4,12.4,1.1,11.1,1.1,14.9,1.2,44983,1857,1.6,0.5,1.4,0.5,4.2,0.9,8.6,1.2,12,1.3,17.2,1.6,55,2.2,82778,7509,80258,3274,45679,1534,87.4,1.5,134099,4526,14.9,1.5,16844,1414,2.3,0.6,8044,1884,2.6,0.6,4721,1089,9.1,0.9,53493,8639,8.7,1.2,88608,3596,1.27,0.03,88615,2516,12.1,1.2,12.2,1.3,75.6,1.5,9.3,1.7,14.5,2.9,11.3,5.3,5.1,1.4,8.7,2.6,7.1,4.6,22.8,5.1,30.1,7.6,27.2,20.7,45679,1534,38.7,1.8,61.3,1.8,2.56,0.08,2.16,0.08,13.6,1.5,35.7,2.2,26.4,2,12,1.1,12.2,1.2,3.5,0.2,11.2,1.5,40,1.9,60,1.9,2.1,0.5,18.9,1.8,17659,968,75.8,2.2,24.2,2.2,28020,1338,53.8,2.9,46.2,2.9
0400000US12,Florida,4478419,23188,58.1,0.4,41.9,0.4,4478309,23155,9.5,0.2,10.6,0.1,1.7,0.1,0.2,0.1,75.5,0.2,2.5,0.1,47.6,0.2,52.4,0.2,0.6,0.1,5.2,0.1,5.5,0.1,31.7,0.2,19.3,0.1,16.6,0.1,11.8,0.1,6.7,0.1,2.7,0.1,48.5,0.2,null,82.4,0.3,49.1,0.3,15.6,0.2,0.2,0.1,9.2,0.1,0.1,0.1,8.2,0.2,17.6,0.3,57.7,0.2,15.6,0.2,59.8,0.4,39.3,0.4,2.96,0.01,3.46,0.02,4293479,20341,22.5,0.3,55.3,0.3,15.9,0.2,6.3,0.1,533685,9257,1.9,0.2,26.2,0.7,20.5,0.5,51.4,0.8,3970295,18160,19.3,0.2,null,27,0.3,23.4,0.2,18.7,0.2,11.5,0.2,4451355,22621,18.9,0.2,81.1,0.2,44.7,0.3,4270919,20287,64.6,0.2,64.4,0.2,61.4,0.2,3,0.1,4.7,0.1,0.1,0.1,35.4,0.2,2622301,14413,83.7,0.2,7.4,0.2,8.6,0.2,0.3,0.1,31.8,0.3,22.9,0.3,19.9,0.3,12.9,0.2,12.6,0.2,1.3,0.1,10.9,0.2,5.6,0.2,2.8,0.1,10.7,0.2,7.2,0.2,1.5,0.1,7,0.2,13.5,0.2,19.8,0.3,10.9,0.2,6.4,0.2,2.3,0.1,1955080,14208,1.7,0.1,4.1,0.1,17.1,0.3,20.9,0.4,19.5,0.3,17.5,0.3,19.3,0.3,41905,373,35075,370,1912783,9961,81.1,0.2,82893,618,27.9,0.2,17452,134,5.3,0.1,8821,158,3.1,0.1,2813,113,12.4,0.2,27983,1774,19.1,0.3,55991,428,1.43,0.01,4444126,23116,14.9,0.3,22.9,0.3,62.2,0.4,12.6,0.3,16.8,0.5,14.9,1,9.5,0.3,10.8,0.5,9.8,1.3,23.1,0.7,32.4,1.1,33.7,2.6,1912783,9961,58.7,0.4,41.3,0.4,3.01,0.02,2.88,0.02,2.7,0.1,16.2,0.2,44,0.3,26.2,0.3,10.8,0.2,4.9,0.1,6.7,0.2,7.5,0.2,92.5,0.2,1.6,0.1,25.4,0.3,1123062,8651,67,0.4,33,0.4,789721,8770,42.2,0.6,57.8,0.6
0400000US13,Georgia,1093655,11748,47,0.6,53,0.6,1093655,11748,8.5,0.3,31.1,0.4,10.2,0.5,0.3,0.1,48.1,0.5,1.7,0.1,50.1,0.3,49.9,0.3,0.7,0.1,5.8,0.3,6.8,0.2,41.1,0.4,20.9,0.3,13.8,0.3,7.1,0.2,2.8,0.1,1.1,0.1,43.1,0.3,null,90.9,0.4,30,0.5,18.2,0.6,0.9,0.1,28.6,0.4,0.2,0.1,13.1,0.4,9.1,0.4,37.3,0.4,13.5,0.4,65.9,0.7,32.7,0.7,3.31,0.03,3.77,0.03,1043378,10295,23.7,0.6,61.9,0.6,10.5,0.3,3.9,0.2,146402,4976,1.5,0.3,26.4,1.3,19.3,1,52.8,1.5,948443,8750,24,0.5,null,21.4,0.5,17.9,0.4,20.6,0.4,16.1,0.4,1086084,11610,21.1,0.5,78.9,0.5,40.8,0.5,1036738,10163,70.5,0.4,70.3,0.4,67.7,0.4,2.6,0.2,3.6,0.2,0.2,0.1,29.5,0.4,702051,8294,84.4,0.5,7.1,0.4,8.1,0.4,0.3,0.1,36.4,0.7,18.1,0.5,14.8,0.4,14.6,0.5,16.1,0.4,1.4,0.2,12.6,0.4,12.5,0.4,2.7,0.2,9.6,0.4,5.9,0.3,2.1,0.2,5,0.3,15.7,0.5,15.7,0.5,8.8,0.3,6.1,0.3,1.8,0.2,544303,7416,1.6,0.2,2.9,0.2,14.7,0.4,19.1,0.6,17.7,0.6,17.2,0.5,26.8,0.7,45805,1087,39472,950,456047,4617,90.8,0.4,95284,1274,14.5,0.4,19040,424,3,0.2,10517,821,1.7,0.2,3560,499,9.4,0.4,26580,1997,9.3,0.4,68369,1191,1.56,0.02,1077492,11663,13.3,0.5,20.3,0.7,66.4,0.8,12.9,0.6,17.2,0.9,13.4,2.2,9.4,0.7,12.2,1,9.1,2.1,28.2,1.9,37.5,2.3,32.1,7.7,456047,4617,61.3,0.7,38.7,0.7,3.41,0.04,3.15,0.04,1.7,0.2,9.7,0.5,35.1,0.7,28.4,0.6,25,0.6,5.7,0.1,7,0.4,6.2,0.3,93.8,0.3,1.4,0.2,20.3,0.5,279557,3543,76.3,0.8,23.7,0.8,176490,4058,53.2,1.1,46.8,1.1
0400000US15,Hawaii,264741,4676,59.4,1.1,40.6,1.1,264741,4676,4.7,0.3,77.3,1,0.7,0.2,10.5,0.7,4.8,0.4,1.9,0.2,42.6,0.6,57.4,0.6,0.8,0.2,4.7,0.3,5.4,0.4,28.4,0.7,18.9,0.4,17.5,0.6,13.5,0.5,7.5,0.4,3.2,0.2,50.8,0.5,null,96.3,0.4,8.9,0.4,0.8,0.2,0.2,0.1,75.3,1,9.3,0.7,1.7,0.3,3.7,0.4,4.7,0.4,7.5,0.4,65.7,1,31.6,1.1,3.52,0.05,4.07,0.06,254183,4500,20.2,0.7,61.9,0.8,9.4,0.5,8.5,0.4,28830,1493,1.7,0.6,24.4,1.9,20.2,2,53.6,2.3,235910,3992,17.2,0.7,null,26.6,0.7,27.9,0.8,19.8,0.8,8.4,0.5,262635,4589,17.6,0.7,82.4,0.7,49.1,0.9,252906,4463,63.9,0.9,62.7,0.9,59.9,0.8,2.8,0.2,4.4,0.3,1.2,0.2,36.1,0.9,151554,3515,77.6,0.8,14.5,0.7,7.7,0.5,0.2,0.1,27.4,0.9,32.9,1,21.3,0.9,8.1,0.6,10.3,0.7,2.2,0.4,5.7,0.5,3,0.4,1.9,0.3,11.9,0.7,6,0.5,0.9,0.3,5.8,0.4,10.1,0.6,20,0.8,22.2,1,5.1,0.4,5.3,0.5,112492,3350,1.9,0.4,2.5,0.4,10.9,0.7,17.2,0.8,24.5,1,20.5,1,22.6,1,50145,1596,41915,812,92674,1982,82.4,0.9,103790,2813,36.8,1,19972,515,5,0.5,9704,653,4.7,0.5,6645,804,22.6,0.9,26772,1955,13.4,0.8,81306,2080,1.74,0.04,259530,4652,10.2,0.7,13.8,0.8,76,1,8.4,0.8,10.6,1.3,11.7,4.9,5.6,0.7,5.6,1.1,5,2.7,18.7,2.8,27.2,4.3,30.1,15.7,92674,1982,57,1,43,1,3.8,0.08,3.17,0.08,7.2,0.6,22.6,1.1,39.7,1.3,18.6,1,11.9,0.7,4.4,0.1,17.1,0.9,11.9,0.8,88.1,0.8,1.4,0.4,24.8,1,52848,1366,67.1,1.6,32.9,1.6,39826,1355,51.5,2,48.5,2
0400000US16,Idaho,104356,3227,43.5,1.6,56.5,1.6,104356,3227,12.9,1.3,18.4,1,2.9,0.6,0.7,0.2,60,1.5,5.1,0.7,49.7,1,50.3,1,0.8,0.3,5.3,0.7,8,0.7,39.6,1.2,19.7,0.9,13.6,0.9,8,0.6,3.7,0.5,1.4,0.3,43.3,0.7,null,89.1,1.3,45.2,1.9,2.7,0.6,1.5,0.4,14.5,1,0.3,0.1,25,1.6,10.9,1.3,58.7,1.5,22.3,1.5,65.7,1.7,32.7,1.7,3.26,0.09,3.79,0.1,99994,2942,21.6,1.1,62.9,1.3,11.1,0.9,4.4,0.5,12565,1171,2.8,1.3,24.4,3.7,21.2,2.9,51.6,5,89641,2644,36.8,1.6,null,23.1,1.5,19.9,1.2,11.3,1,8.9,0.9,103534,3199,20.1,1.2,79.9,1.2,46.8,1.6,99343,2925,69.5,1.2,69.4,1.2,67.4,1.3,1.9,0.3,2.8,0.4,0.2,0.1,30.5,1.2,66984,2410,83.7,1.4,10.7,1.1,5.6,0.7,0,0.1,23.6,1.5,21.3,1.7,10.7,1.1,24.2,1.3,20.2,1.5,15.4,1.3,9.6,0.9,17.4,1.3,2.4,0.4,6.1,0.7,4.1,0.8,0.8,0.3,3.4,0.7,7.8,1,16.7,1.4,9,1.2,4.1,0.8,3.1,0.6,49037,1999,1.6,0.6,3.6,0.8,15.3,1.6,23.6,1.8,26.3,1.9,15.5,1.5,14,1.4,40987,1130,30967,1044,43235,1802,87.6,1.2,72748,3226,19.1,1.4,17074,903,3.8,0.7,9630,1072,3.5,0.7,1833,365,10.3,1.2,21395,3469,12.4,1.3,55440,1829,1.56,0.05,103105,3171,14.2,1.3,25.1,1.8,60.7,2.2,13.4,1.6,18.4,2.3,18.6,6.1,9.9,1.7,13.2,2.4,19.9,7.2,28.4,6.1,37.6,8.1,24.6,18.3,43235,1802,62.2,1.9,37.8,1.9,3.42,0.13,2.99,0.11,2.5,0.6,10.9,1.5,48,2.5,24.1,1.8,14.5,1.6,5.1,0.1,9.8,1.2,4.3,0.9,95.7,0.9,1.1,0.4,24.7,1.9,26877,1325,77.8,2.8,22.2,2.8,16358,1139,65.9,3.6,34.1,3.6
0400000US17,Illinois,1803334,11809,52.6,0.4,47.4,0.4,1803334,11809,20.4,0.3,30.9,0.3,4.3,0.2,0.2,0.1,43.1,0.3,1.1,0.1,49.8,0.2,50.2,0.2,0.5,0.1,3.9,0.2,5.6,0.1,37.2,0.2,20.6,0.2,15.6,0.1,10.2,0.1,4.8,0.1,1.7,0.1,46.3,0.2,null,91.4,0.3,41.8,0.4,4.5,0.2,0.7,0.1,26.9,0.3,0.1,0.1,17.5,0.3,8.6,0.3,41.5,0.3,25.7,0.3,66.7,0.5,32.2,0.5,3.12,0.02,3.64,0.02,1747618,11427,21.8,0.3,63.6,0.4,9.3,0.2,5.3,0.1,200352,4141,1.9,0.3,20.5,0.9,17.2,0.7,60.4,1.1,1623571,11263,24.6,0.3,null,23.4,0.3,17.8,0.2,19.2,0.2,15,0.3,1794148,11712,12.7,0.2,87.3,0.2,47.1,0.4,1741277,11478,67.8,0.3,67.7,0.3,64.6,0.3,3.2,0.1,4.7,0.2,0.1,0.1,32.2,0.3,1124075,9059,87.1,0.3,6.8,0.2,5.8,0.2,0.3,0.1,34.8,0.4,20.1,0.4,14.4,0.3,9.4,0.3,21.3,0.4,0.4,0.1,7.6,0.2,16.5,0.3,2.9,0.1,7.9,0.3,7.6,0.2,1.1,0.1,5.9,0.2,14.3,0.4,18.9,0.3,10,0.3,5.5,0.2,1.4,0.1,844053,8054,1.3,0.1,2.2,0.1,11,0.3,17.7,0.4,18.8,0.4,19.8,0.4,29.2,0.4,52712,469,42639,519,797499,6275,86.3,0.3,99782,1028,21.7,0.3,19051,234,3.8,0.2,9521,224,3,0.2,3696,233,11.7,0.3,26203,1606,13.2,0.3,70505,838,1.5,0.01,1785270,11785,12.1,0.3,18.5,0.4,69.4,0.4,10.4,0.3,14,0.5,10.8,1.2,7.6,0.3,9.7,0.5,7,1.1,23.3,1.2,33.1,1.9,36,6.3,797499,6275,61.2,0.5,38.8,0.5,3.33,0.02,2.8,0.03,3.1,0.2,14,0.3,39.7,0.5,26.4,0.3,16.8,0.3,5.2,0.1,7.2,0.2,10.8,0.3,89.2,0.3,1.3,0.1,23.4,0.5,488187,4519,70.2,0.5,29.8,0.5,309312,5000,56.6,0.8,43.4,0.8
0400000US18,Indiana,365757,4691,41.2,1,58.8,1,365757,4691,10.7,0.5,35.7,0.6,9.7,0.6,0.4,0.1,41.3,0.7,2.2,0.3,51.8,0.5,48.2,0.5,1,0.2,7.2,0.4,10.4,0.4,44.1,0.5,17.4,0.5,10.4,0.3,5.9,0.3,2.6,0.2,1,0.1,39.3,0.3,null,91.7,0.6,32.8,0.9,10.4,0.6,0.5,0.1,32,0.6,0.2,0.1,15.9,0.7,8.3,0.6,38.9,0.7,16.6,0.7,63.1,1,34.5,1.1,3.05,0.04,3.62,0.04,343986,4408,27.3,0.7,59.6,0.8,9.6,0.5,3.4,0.2,68130,2581,1.3,0.4,23.7,1.5,17.9,1.3,57,1.8,297630,3880,26.8,0.9,null,22,0.6,16.1,0.6,17.1,0.7,17.9,0.6,362152,4673,20,0.7,80,0.7,41.1,0.8,341487,4315,69.4,0.7,69.3,0.7,66.5,0.7,2.8,0.3,4,0.4,0.1,0.1,30.6,0.7,227141,3982,85.1,0.7,8.3,0.5,6.3,0.5,0.3,0.1,36.2,1,17,0.8,12.4,0.7,10,0.6,24.4,0.8,0.8,0.2,7.9,0.5,23.8,0.8,2.2,0.3,8.2,0.7,6.3,0.6,1,0.2,3.7,0.4,9.9,0.6,20.8,0.7,9.5,0.6,4.4,0.5,1.4,0.3,164325,3375,1.7,0.3,2.7,0.3,12.3,0.9,20.7,1,21.4,0.8,17.3,0.8,24,1,45414,1432,37059,1072,154453,2653,89.2,0.7,83805,2052,13.3,0.7,19558,641,2.2,0.3,10464,1294,1.5,0.3,3307,599,8.8,0.6,19864,2025,9.1,0.7,56890,1090,1.41,0.02,356861,4750,16.1,0.9,22.8,0.8,61.1,1,14,1,18.7,1.6,18.9,3.7,10.3,1.1,13.4,1.6,15.5,4.3,31.3,3.3,38.9,4.1,32.4,10.9,154453,2653,55.3,1.3,44.7,1.3,3.37,0.06,2.66,0.07,2.4,0.4,14.5,0.8,36.1,0.9,28,1,18.9,0.9,5.3,0.1,6,0.5,6.8,0.6,93.2,0.6,1.6,0.3,23.2,0.9,85409,1941,80.5,1.5,19.5,1.5,69044,2629,60.2,1.8,39.8,1.8
0400000US19,Iowa,173864,3830,42.8,1.1,57.2,1.1,173864,3830,10.4,0.7,36.1,1,15.4,0.9,1.1,0.1,35.3,0.9,1.6,0.3,52.2,0.6,47.8,0.6,0.8,0.2,7.8,0.6,11.6,0.6,45.1,0.8,16.6,0.6,10.4,0.4,4.9,0.3,1.8,0.2,1,0.2,38.1,0.4,null,92.3,0.7,32.7,1.1,15.2,0.9,0.6,0.1,32.4,0.8,0.9,0.2,10.6,0.8,7.7,0.7,33.7,0.8,15.8,0.9,61.6,1.4,36.3,1.5,3.09,0.06,3.7,0.08,163204,3572,29.2,1,57.8,1.2,9.6,0.6,3.5,0.4,35169,1695,2,0.6,23.4,2,17.7,1.5,56.8,2.1,138709,3165,29.7,1.1,null,23.8,1.1,18,0.7,14.8,0.8,13.8,0.8,172453,3808,17.3,0.8,82.7,0.8,48.3,1,161820,3558,72.8,0.9,72.8,0.9,68.9,1,3.9,0.6,5.3,0.8,0,0.1,27.2,0.9,111500,2767,85.6,1.1,9.6,0.9,4.6,0.6,0.2,0.1,30.5,1.2,19.6,0.8,9.8,0.8,10.4,0.8,29.6,1.2,3.6,0.4,6.9,0.6,28.4,1.2,1.3,0.2,8.2,0.7,3.4,0.5,0.8,0.2,5.1,0.6,8.5,0.8,20.5,1,9.1,0.9,3.2,0.4,1,0.2,80365,2434,1.9,0.4,2.4,0.5,10.6,1,21.2,1.4,24.6,1.3,20,1.2,19.4,1.3,46485,1346,35743,1313,71400,1925,90.6,0.8,80946,2888,10.9,0.8,17267,818,2.7,0.4,8958,782,2.7,0.5,3534,1351,6.8,0.8,25034,6241,14.7,1.2,58036,2675,1.48,0.03,170346,3880,16.1,1.2,23.2,1.5,60.6,1.6,14.4,1.4,17.6,1.9,18.9,4.1,10.2,1.4,11.7,2,12.3,3.7,31.5,3.5,38.3,4.3,56.2,15.1,71400,1925,51,1.6,49,1.6,3.44,0.08,2.72,0.08,3.2,0.6,16.8,1.3,42.4,1.6,24.4,1.3,13.1,1,4.8,0.2,9.3,0.9,9.5,0.9,90.5,0.9,1.7,0.4,29.3,1.5,36426,1533,80.8,1.8,19.2,1.8,34974,1489,64.8,2.7,35.2,2.7
0400000US20,Kansas,205076,3686,42.3,1.1,57.7,1.1,205075,3686,6.9,0.5,32.1,0.7,6.5,0.5,0.7,0.1,52.3,0.7,1.5,0.2,51.2,0.7,48.8,0.7,0.7,0.1,6.3,0.5,8.8,0.4,42.6,0.6,19.7,0.5,12.5,0.5,6.1,0.4,2.3,0.2,1,0.2,41.6,0.3,null,91.4,0.6,38.1,1,6.6,0.6,0.7,0.2,28.2,0.6,0.4,0.1,17.4,0.9,8.6,0.6,50.2,0.7,13,0.7,66.6,1.4,32,1.3,3.21,0.05,3.73,0.06,195322,3390,23.4,0.8,62.9,1.2,10.5,0.7,3.2,0.3,32042,1691,1.2,0.4,23.6,1.7,21.6,1.8,53.6,2.6,172603,2869,32.8,1,null,21.3,0.9,16.9,0.8,14.3,0.6,14.7,0.7,203648,3601,14.6,0.8,85.4,0.8,49.8,0.9,193880,3338,71.8,0.7,71.3,0.8,68.6,0.9,2.6,0.2,3.7,0.4,0.5,0.1,28.2,0.7,133068,2720,83.3,0.8,9.9,0.7,6.6,0.6,0.2,0.1,29.4,1,19.7,0.9,10.8,0.7,16.1,0.8,23.9,1,3.8,0.4,12,0.8,20.1,1,2.1,0.3,7.5,0.6,4.6,0.5,1.2,0.2,3.3,0.4,11.5,0.7,17.6,0.8,10.1,0.7,4.1,0.4,2,0.3,100221,2290,1.5,0.3,2.8,0.4,13.3,0.9,21.2,1.1,23.8,1.2,17.3,1,20,0.9,44394,780,34999,1332,86255,2140,90.9,0.9,81954,2225,13.8,0.9,18270,772,2.1,0.4,9237,819,1.5,0.3,3797,818,10.1,1,24878,3649,7.4,0.7,58936,1585,1.55,0.03,201908,3656,15,0.9,22.7,1,62.3,1,13.3,1,17.4,1.5,16.9,4.1,9.1,1.1,12.2,1.6,13.1,5.2,35.2,4,40.1,4.2,35,13.8,86255,2140,58.6,1.4,41.4,1.4,3.48,0.08,2.82,0.09,2.4,0.4,12.4,1.2,40.1,1.3,27.1,1.1,18,0.9,5.3,0.1,8.1,0.8,5.5,0.8,94.5,0.8,1.5,0.4,27.3,1.2,50583,1458,80,1.1,20,1.1,35672,1679,61.7,2.1,38.3,2.1
0400000US21,Kentucky,181844,4042,41.1,1.3,58.9,1.3,181844,4042,13.3,0.8,34,0.8,12.2,1.1,0.8,0.2,37.3,1,2.4,0.4,51.8,0.7,48.2,0.7,1.1,0.3,9.9,0.6,10.1,0.6,42.6,0.9,16.9,0.6,10.2,0.5,5.7,0.4,2.3,0.3,1.1,0.2,38.8,0.4,null,90.3,0.8,37.5,1.4,13.4,1.1,0.5,0.2,27.4,0.8,0.6,0.1,10.9,0.8,9.7,0.8,34.6,0.9,21.9,1.1,61.2,1.5,36.4,1.4,3.06,0.05,3.6,0.06,167502,3638,27.9,1.1,57.7,1.2,10.4,0.7,4,0.4,34125,1711,2.3,0.6,30.6,1.9,23.7,1.9,43.5,1.9,143431,3207,23.4,1.2,null,24.2,0.9,17.7,0.8,18.2,0.8,16.5,0.9,179787,3914,18.9,0.9,81.1,0.9,44.7,1.2,165104,3571,69.8,1,69.5,1,66.6,1.1,2.8,0.3,4.1,0.5,0.4,0.1,30.2,1,110001,2613,85.3,1,7.7,0.7,6.7,0.7,0.3,0.2,31.6,1.3,18,1,14.3,1,10.2,0.8,25.9,1.3,3.1,0.5,7.7,0.7,19.1,1,2,0.4,10.7,0.9,8.3,0.9,1,0.3,3.2,0.4,9.5,0.6,18.1,1.1,10.8,0.9,5.1,0.6,1.4,0.2,77736,2462,2.1,0.5,3.3,0.6,13.7,1.3,22.5,1.4,20.3,1.4,17.5,1.2,20.7,1.2,41853,1470,35959,1565,73477,1728,90,0.8,81909,2989,13.7,1,18595,835,3.3,0.5,9622,752,1.6,0.3,4264,1066,9.9,1,32101,7997,13.1,1.1,54931,1938,1.41,0.03,177718,3935,18,1.2,23.4,1.3,58.6,1.6,16.5,1.5,22.7,2.1,21.1,4.3,11,1.4,15.3,2.2,11.5,3.4,34.5,4.6,41.6,5.8,45.7,11.9,73477,1728,44.5,1.6,55.5,1.6,3.26,0.07,2.89,0.07,2.5,0.4,14.5,1.1,43.3,1.4,24.5,1.3,15.3,0.9,5,0.1,9.2,0.9,7.3,0.7,92.7,0.7,2,0.4,29.8,1.6,32699,1340,78.9,1.6,21.1,1.6,40778,1592,60.9,2,39.1,2
0400000US22,Louisiana,196020,4092,41.7,1.1,58.3,1.1,196020,4092,8.2,0.6,31.7,0.9,4.4,0.7,0.3,0.1,53.9,1.1,1.5,0.3,51.3,0.9,48.7,0.9,0.9,0.2,7.5,0.7,7.7,0.4,40.3,0.9,17,0.7,13.2,0.6,8.1,0.4,3.5,0.3,1.8,0.3,41.5,0.6,null,88.9,0.9,36.2,1.2,7.3,0.7,0.9,0.3,26,0.7,0.1,0.1,18.4,1.3,11.1,0.9,48.3,1.2,16.7,0.9,58.2,1.3,38.8,1.3,3.01,0.07,3.65,0.08,183713,3549,27.7,1,57.5,1.1,9.7,0.6,5.1,0.4,28980,1903,1.9,0.7,32.2,2.6,19.6,2,46.3,2.8,164255,3115,26.2,1,null,26.1,1,18.5,1,15.4,0.8,13.7,0.8,194186,4007,17.8,0.8,82.2,0.8,47.9,1,182677,3492,64.1,1,63.7,1,60.4,1,3.4,0.4,5.3,0.6,0.4,0.1,35.9,1,110265,2758,77,1.1,9.3,0.8,13.5,0.9,0.2,0.1,31.7,1.4,21.7,1.3,12.4,1.1,24,1.1,10.2,0.8,3.1,0.4,21.1,1.2,5.9,0.6,1.9,0.4,10,1,4.5,0.7,0.9,0.3,2.7,0.4,9.9,0.8,19,1.2,11.1,1,7.9,0.7,2.1,0.4,78703,2303,2.4,0.5,4.6,0.7,16.9,1.4,19.4,1.3,16.5,1.1,18.4,1.4,21.8,1.3,42970,1745,34378,2107,79191,2084,86.5,1.1,81753,3577,17.9,1,16944,707,2.8,0.5,10309,849,1.5,0.3,3851,1226,9.3,0.8,24079,2715,10.7,0.8,52092,1334,1.38,0.03,190053,4066,20.6,1.2,23.2,1.3,56.3,1.3,20.5,1.7,29,2.5,27,5.4,15.1,1.6,20.8,2.5,19.6,6.3,40.9,4.9,55.6,5.6,60.6,10.8,79191,2084,50,1.5,50,1.5,3.16,0.09,2.85,0.1,2.7,0.6,14.6,1.1,42.4,1.7,28.2,1.5,12.1,0.8,5,0.1,7.1,0.8,8.7,1,91.3,1,1.6,0.4,30.6,1.5,39600,1485,78.5,1.8,21.5,1.8,39591,1690,56.4,2.3,43.6,2.3
0400000US23,Maine,49303,1582,54.8,2.2,45.2,2.2,49303,1582,24.4,1.6,26.6,1.5,17.5,1.3,1.1,0.4,11.1,1,19.3,1.5,44.4,1.2,55.6,1.2,1,0.4,8,0.9,8.6,0.8,29.3,1.7,16.1,1.3,14.7,1.2,11.9,1.1,7.2,0.8,3.2,0.5,46.7,1.1,null,95.1,1.1,51.7,1.6,19,1.3,0.3,0.1,20.7,1.2,0.1,0.1,3.4,0.7,4.9,1.1,8.9,0.9,48.2,1.6,62.3,2.2,33.7,2.3,2.47,0.07,3.09,0.08,46482,1499,22.8,1.5,57.5,2,12.5,1.3,7.2,1,8858,749,0.8,0.5,22.1,3,21.7,3,55.4,3.7,40596,1386,14.3,1.2,null,22,1.6,23,1.4,20.9,1.5,19.7,1.8,48807,1554,41.9,1.7,58.1,1.7,23.1,1.4,46136,1495,62,2,61.7,2,59.6,2.1,2.1,0.4,3.5,0.7,0.3,0.2,38,2,27477,1441,81.8,2.2,10.4,1.4,7.6,1.6,0.1,0.1,43.8,2.6,21.1,1.9,15.3,1.5,6.6,1.2,13.1,2,1.8,0.6,4.8,1.1,9.8,1.5,1.5,0.6,9.6,1.5,4.4,0.9,0.9,0.4,6.3,1.4,11.9,1.5,32.1,2.2,9.9,1.6,4.2,0.8,2.6,0.7,18688,1108,1.7,0.7,2.2,0.9,10.5,1.7,17.4,2.2,19.4,2.2,23.3,2.4,25.4,3.4,54075,3042,42983,1829,20714,946,74.3,2.4,99450,7729,32.4,2.5,19766,960,6.5,1.4,10298,1000,4,1,3883,1349,20.5,2.4,25641,3122,15.9,2.2,59942,5857,1.17,0.06,47469,1577,13,1.5,18.1,1.9,68.9,2,9.4,1.7,11.4,2.8,7,5,5.6,1.7,6.7,2.9,5.7,5.7,22.2,6,26.7,7.8,14.3,16.8,20714,946,59.4,2.7,40.6,2.7,2.46,0.09,2.48,0.11,2.7,0.9,16,2,36.6,2.5,28.2,2.1,16.5,2,5.3,0.2,4.2,1.1,10.8,1.9,89.2,1.9,1.5,0.6,14.9,1.8,12306,841,74.4,2.7,25.6,2.7,8408,644,58.3,4.4,41.7,4.4
0400000US24,Maryland,946035,9601,54,0.5,46,0.5,945970,9603,8.8,0.3,32.1,0.4,18.9,0.4,0.3,0.1,39,0.4,1,0.1,48.4,0.3,51.6,0.3,0.8,0.1,5.9,0.3,6.5,0.2,37.9,0.3,19.8,0.2,14.9,0.2,8.6,0.2,4.1,0.1,1.4,0.1,44.5,0.2,null,94.1,0.3,22.2,0.4,24.8,0.4,0.5,0.1,28.5,0.3,0.1,0.1,18,0.5,5.9,0.3,31.2,0.4,13.5,0.3,65.7,0.7,33.4,0.7,3.28,0.02,3.68,0.03,900654,8434,24.8,0.5,60.4,0.6,10.4,0.3,4.5,0.2,144833,4589,1.2,0.3,23.4,1.1,19.5,0.8,55.9,1.3,821165,7273,19.3,0.3,null,18.1,0.4,18.4,0.4,21.7,0.4,22.5,0.4,938730,9252,20,0.4,80,0.4,37.6,0.5,895108,8413,73.6,0.3,73.3,0.3,69.7,0.4,3.6,0.2,4.9,0.3,0.3,0.1,26.4,0.3,624106,6844,77.8,0.5,15.1,0.4,6.9,0.3,0.2,0.1,43.6,0.6,21.7,0.6,13.9,0.4,11.4,0.3,9.3,0.3,0.3,0.1,11.2,0.3,4.1,0.2,1.5,0.2,8.2,0.3,4.6,0.2,1.3,0.1,4.7,0.3,17.5,0.4,23.6,0.5,9.4,0.3,6.7,0.3,7,0.3,463954,6340,1.6,0.1,2,0.2,8.1,0.4,13.6,0.4,17.3,0.5,20.6,0.5,36.8,0.6,59712,1073,53481,757,385082,4027,90.8,0.3,117023,1462,17.5,0.4,19585,361,3.3,0.2,9054,400,2.5,0.2,4351,559,11.9,0.4,33321,1317,10.2,0.4,90957,1390,1.64,0.01,937533,9596,9.8,0.4,15.2,0.5,74.9,0.6,7.9,0.4,10.4,0.6,8.9,1.6,5.7,0.4,6.9,0.5,6.4,1.5,16.8,1.4,24.5,2,21,5.1,385082,4027,60.5,0.6,39.5,0.6,3.4,0.03,3.1,0.04,2.5,0.2,11.9,0.5,32.9,0.6,25.8,0.6,26.9,0.6,5.7,0.1,8,0.4,7.8,0.3,92.2,0.3,1.1,0.1,17.6,0.5,232966,3136,71.5,0.8,28.5,0.8,152116,3161,50.2,1.3,49.8,1.3
0400000US25,Massachusetts,1209717,10227,54.3,0.5,45.7,0.5,1209717,10227,19.3,0.4,30.8,0.3,9.4,0.3,0.3,0.1,37.7,0.5,2.4,0.1,48.4,0.3,51.6,0.3,0.8,0.1,5.6,0.2,7.9,0.2,37.4,0.3,18.2,0.2,14.6,0.2,8.8,0.2,4.5,0.2,2.2,0.1,44.1,0.2,null,90.4,0.4,36.8,0.5,15,0.3,0.3,0.1,27.1,0.3,0,0.1,11.2,0.3,9.6,0.4,22.9,0.3,29.6,0.4,60.1,0.6,37.5,0.6,2.85,0.02,3.34,0.02,1153999,9239,26.6,0.4,57.5,0.5,11,0.3,4.9,0.2,189869,4783,1.6,0.2,21.3,0.9,17,0.7,60.1,1.1,1036815,8145,19.9,0.4,null,22.5,0.5,17.2,0.3,18.7,0.3,21.7,0.4,1199809,10096,18.6,0.4,81.4,0.4,42.3,0.5,1147445,9199,69.4,0.4,69.4,0.4,65.6,0.4,3.8,0.1,5.5,0.2,0,0.1,30.6,0.4,752162,6846,86.6,0.4,7.1,0.3,6.1,0.2,0.2,0.1,44,0.6,22.6,0.5,13.1,0.4,7.8,0.3,12.6,0.4,0.4,0.1,6.8,0.3,11,0.4,1.8,0.1,8.3,0.3,4.5,0.2,1.5,0.1,6,0.3,16.5,0.4,26.6,0.5,9.3,0.3,5.2,0.3,2,0.1,531016,6193,1.4,0.1,1.5,0.1,6.6,0.3,13.1,0.4,17.1,0.5,21,0.5,39.4,0.6,65782,977,53335,787,529068,5591,84.4,0.4,118988,1438,20.9,0.4,18343,306,5.6,0.3,9431,258,4.3,0.2,4319,289,10.5,0.3,26274,1633,16.3,0.4,78765,1192,1.43,0.01,1181779,10299,12.9,0.4,15.8,0.5,71.3,0.6,9.9,0.4,12.5,0.7,10,1.4,6.3,0.4,6.6,0.6,5.3,1.2,22.3,1.4,29.8,1.8,32.9,5.6,529068,5591,48.8,0.5,51.2,0.5,3.08,0.03,2.64,0.03,3.7,0.2,17.4,0.5,39.2,0.6,24,0.5,15.7,0.4,5,0.1,6.4,0.3,17.9,0.4,82.1,0.4,1.2,0.2,25,0.5,258174,3289,68.2,0.6,31.8,0.6,270894,4652,51.2,0.8,48.8,0.8
0400000US26,Michigan,697343,7004,54.8,0.6,45.2,0.6,697343,7004,18.4,0.4,52,0.4,5.6,0.3,0.4,0.1,18.6,0.3,5.1,0.2,50,0.3,50,0.3,0.8,0.1,6.4,0.3,8.2,0.2,36.6,0.4,18.2,0.3,13.7,0.3,9.1,0.2,4.9,0.2,2.1,0.1,43.9,0.3,null,94.3,0.3,49.5,0.5,5.6,0.3,0.4,0.1,32.5,0.4,0.1,0.1,6.1,0.3,5.7,0.3,16.4,0.3,42.6,0.5,69.4,0.6,28.8,0.6,3,0.03,3.59,0.03,660875,6345,22,0.4,64.7,0.6,8,0.3,5.4,0.2,117129,3207,2,0.4,23.7,1.1,17.1,0.8,57.2,1.2,589593,5739,19.2,0.4,null,19.2,0.4,17.7,0.4,21.2,0.4,22.7,0.5,691744,6819,20.5,0.5,79.5,0.5,37.4,0.6,656493,6399,63.5,0.4,63.5,0.4,60.2,0.4,3.2,0.2,5.1,0.3,0,0.1,36.5,0.4,395468,4429,86.8,0.4,7.6,0.4,5.3,0.3,0.3,0.1,47,0.6,15.2,0.5,13.7,0.4,7,0.3,17,0.4,1.6,0.2,4.9,0.3,25.6,0.6,2.2,0.2,9,0.3,4.7,0.3,0.8,0.1,4.2,0.3,11.4,0.4,22.3,0.6,8.2,0.4,3.9,0.3,1.4,0.1,278140,3635,1.8,0.2,2.5,0.3,9.9,0.4,13.7,0.5,14.8,0.5,18.3,0.5,38.9,0.7,65387,1183,47539,1604,296801,3476,83.8,0.5,102073,1403,22.5,0.6,20452,329,5.4,0.4,9971,307,3.7,0.3,3903,392,13.8,0.4,25469,1233,13.2,0.5,70971,1346,1.33,0.02,687182,6799,15,0.5,17.5,0.6,67.5,0.7,12.6,0.5,17.3,0.8,13.4,2.2,10.1,0.5,13.6,0.8,10.4,1.9,28.9,2.2,41.3,3.3,48,10.8,296801,3476,64.9,0.8,35.1,0.8,3.22,0.03,2.6,0.05,2.1,0.2,12.6,0.5,33.5,0.7,28.7,0.6,23.1,0.5,5.6,0.1,5.8,0.3,7.2,0.3,92.8,0.3,1.2,0.2,19.2,0.5,192542,2709,77.1,0.7,22.9,0.7,104259,2818,61.1,1.3,38.9,1.3
0400000US27,Minnesota,479231,5250,55.7,0.8,44.3,0.8,479231,5250,9.4,0.4,37,0.5,27.8,0.7,0.4,0.1,23,0.5,2.5,0.2,49.7,0.4,50.3,0.4,0.9,0.1,8.6,0.4,8.4,0.3,44.3,0.6,17,0.3,10.8,0.3,6,0.2,2.8,0.1,1.2,0.1,39.7,0.3,null,95.6,0.3,22.8,0.6,27.6,0.6,0.4,0.1,34.4,0.5,0.1,0.1,10.2,0.4,4.4,0.3,20.9,0.4,15.3,0.5,60.7,0.7,37.6,0.7,3.31,0.03,3.88,0.04,447016,4773,28.3,0.6,57,0.7,11,0.4,3.7,0.2,95593,3027,1.6,0.3,26.7,1.5,21.3,1.1,50.4,1.7,393362,4167,23.8,0.7,null,20.2,0.6,21.4,0.6,18.8,0.6,15.8,0.5,474725,5006,20.9,0.5,79.1,0.5,40.8,0.6,443028,4713,73.3,0.5,73.3,0.5,69.8,0.5,3.5,0.2,4.8,0.3,0,0.1,26.7,0.5,309067,4324,86.1,0.5,9.8,0.5,4,0.3,0.2,0.1,37.4,0.8,22,0.7,13.1,0.5,6.2,0.3,21.3,0.7,1.4,0.2,3.8,0.3,19.7,0.7,1.9,0.2,8.2,0.4,5.3,0.3,0.9,0.2,6.5,0.4,11.7,0.5,26.9,0.7,7.9,0.4,3.6,0.3,2.1,0.2,214693,3541,1.3,0.2,2.1,0.2,8.9,0.5,17.5,0.6,23.7,0.8,19.7,0.6,26.9,0.8,51505,996,42071,716,195930,2482,89.9,0.5,94338,1796,13.8,0.5,16520,543,6.3,0.4,10192,417,6.8,0.4,3235,259,7.8,0.5,22716,2223,17.6,0.7,65735,1344,1.55,0.02,471890,5186,15.7,0.7,20,0.7,64.3,0.8,14.2,0.7,17.8,1,13.6,2,9.4,0.9,11.6,1.2,8.4,2.3,30,2.4,34.9,2.8,34.7,6.9,195930,2482,51.2,1,48.8,1,3.58,0.05,3.02,0.05,4.1,0.4,18.3,0.8,36,0.9,23.2,0.9,18.4,0.6,4.9,0.1,13.3,0.6,10.8,0.6,89.2,0.6,1.6,0.2,22.5,0.8,100341,2256,77.8,1,22.2,1,95589,2342,55.4,1.4,44.6,1.4
0400000US28,Mississippi,68580,2186,42.8,1.9,57.2,1.9,68580,2186,10.6,1.2,32.3,1.2,5.3,0.9,0.9,0.3,48.9,1.6,2,0.4,52.3,1.3,47.7,1.3,1.1,0.5,7,0.8,8.9,0.8,42.6,1.5,16.3,1.3,11.5,1,7.2,0.7,4.3,0.6,1.2,0.3,40.2,1,null,90.8,1.5,34,2,7.6,1.2,1.3,0.5,26.7,1.2,0.5,0.3,20.7,1.6,9.2,1.5,43.6,1.4,18.4,1.3,61.6,2.2,32.5,2,3.16,0.11,3.75,0.13,64454,2019,26.8,1.8,58.5,1.8,9.5,1,5.1,0.7,10893,972,1.1,0.8,26.1,3.8,19,3.2,53.8,4.1,56929,1926,30.2,1.8,null,22.1,1.8,20,1.6,13.9,1.3,13.8,1.4,67846,2189,20.5,1.5,79.5,1.5,44.7,1.9,63936,1963,63.4,1.6,61.8,1.5,58.9,1.5,2.9,0.6,4.7,1,1.6,0.4,36.6,1.6,37686,1325,76.8,2,12.6,1.7,10.1,1.3,0.5,0.4,31.6,2.6,23.6,2,14.1,1.7,17.7,1.5,13,1.4,3.2,0.8,15.2,1.5,12.7,1.6,1.5,0.6,9.7,1.5,3.3,0.8,0.8,0.4,2.9,0.7,7.3,1,19.2,1.9,14.5,1.6,7.2,1.2,2.4,0.9,29315,1237,3.2,1.1,4.9,1.2,20,2.2,20.6,1.9,19.1,2,16.1,1.6,16.1,1.9,40302,1793,31597,1682,26845,1031,87.2,1.6,73792,5485,17.5,1.8,18990,1395,2.9,1,9401,3348,1.7,0.6,3349,1030,10.5,1.5,31194,3972,9,1.4,50755,3503,1.34,0.05,64292,1970,18.5,1.9,25.3,2,56.2,2,18.4,2.3,25,3.2,16.9,7,12.7,2.6,17.2,4,12.3,6.7,41.4,8.3,49.3,10.4,51,32.8,26845,1031,57.4,2.4,42.6,2.4,3.29,0.16,2.97,0.14,1.5,0.8,9.5,1.5,42,2.9,30.7,2.7,16.3,2,5.4,0.1,7.7,1.5,3.4,1,96.6,1,2.2,0.9,26.7,2.4,15422,762,75.8,2.9,24.2,2.9,11423,849,59.5,4,40.5,4
0400000US29,Missouri,256802,4307,50.8,1.1,49.2,1.1,256802,4307,18.1,0.9,38.8,1,10.3,0.9,1.7,0.2,29.2,0.9,1.9,0.2,48.9,0.6,51.1,0.6,1,0.2,7.4,0.6,9.5,0.5,40.5,0.9,16.9,0.6,12.3,0.6,7.3,0.4,3.8,0.3,1.3,0.2,40.8,0.4,null,93.4,0.6,36.6,1,10.9,0.8,0.7,0.2,33.2,0.8,1.1,0.2,10.9,0.6,6.6,0.6,26.7,0.8,25.9,1.1,66.9,1.1,31,1.1,2.86,0.05,3.47,0.05,240988,3715,24.6,0.7,61.4,0.9,9.9,0.6,4.1,0.3,48078,2143,1.8,0.5,23.5,1.8,17.3,1.8,57.4,2.3,210702,3482,19,0.8,null,20.4,0.8,19.2,0.7,19.4,0.8,22,0.8,254181,4098,22.1,0.9,77.9,0.9,36.3,0.9,239406,3719,68.7,0.6,68.1,0.7,65.7,0.6,2.4,0.3,3.5,0.4,0.6,0.2,31.3,0.6,157238,2982,85.6,0.7,7.9,0.5,6.3,0.5,0.2,0.1,43.4,1,19.2,0.7,12.6,0.8,7.7,0.6,17.1,0.9,1.4,0.2,6.4,0.6,14.8,0.9,2.1,0.3,8.1,0.6,4.5,0.5,1.5,0.3,6,0.4,12.9,0.8,23.7,0.8,11.8,0.8,5.2,0.5,1.7,0.3,117125,2447,1.8,0.3,2.8,0.4,12.1,0.9,17.5,0.9,19.2,1.1,18.6,1.1,28,1.1,52574,1435,39639,1336,108660,2342,86.5,0.8,94619,2649,16.3,0.8,19355,744,3.4,0.5,9838,567,2.2,0.5,3691,675,10.6,0.7,24438,2201,8.9,0.7,60970,1695,1.36,0.02,251707,4236,15.2,0.7,18.4,0.9,66.4,1,12.2,1,16.5,1.4,16,3.8,8.9,1,11.6,1.5,9.7,3.1,27.9,3.5,33.9,4.2,41.9,13.5,108660,2342,56.5,1.2,43.5,1.2,3.11,0.06,2.53,0.07,2.9,0.4,13.4,1,38.7,1.2,26.5,1.1,18.4,0.9,5.2,0.1,6,0.6,7.8,0.6,92.2,0.6,1.5,0.3,20.9,1,61427,1600,80,1.5,20,1.5,47233,1850,64.9,1.9,35.1,1.9
0400000US30,Montana,23561,1204,56.6,2.6,43.4,2.6,23561,1204,31.6,2.5,29.9,2.2,3.3,1.4,2,0.8,19.1,2.1,14,1.9,41.8,2.6,58.2,2.6,0.1,0.1,5.3,1,8.2,1.7,35.6,2.7,15.6,1.7,12.9,1.5,12.1,1.4,7.6,1.2,2.6,0.7,45.5,1.5,null,94,1.2,57.1,2.6,3.3,1,1.1,0.6,24,2,0.3,0.3,8.2,1.5,6,1.2,17.3,2.1,50.9,2.7,62.5,2.8,33.9,2.8,2.41,0.12,3.05,0.16,22825,1205,22.9,2.3,60,3,10.4,1.8,6.8,1.3,3580,429,0.2,0.4,19,6.4,15.6,7.1,65.3,7.1,20358,1102,11.8,1.8,null,20.7,2.3,25.3,2.7,22.9,2.1,19.4,2.3,23549,1205,47.3,3,52.7,3,17.2,2.4,22613,1193,61.4,2.8,61.1,2.8,58.9,2.8,2.2,0.7,3.6,1.1,0.3,0.3,38.6,2.8,13320,991,73.8,3.5,15.7,2.7,9.9,2.5,0.7,0.5,40.2,3.4,22.4,3.3,19,3.1,10.2,2.3,8.2,2,4.8,1.1,6.6,1.6,4.5,1.5,0.8,0.5,11,2.5,3.8,1.4,1.1,0.7,4.8,1.9,9.3,1.6,31.2,3.2,13.4,2.9,5.8,1.7,2.8,1,8117,761,2.4,1.1,4.5,1.9,12.5,3.1,20.6,3.6,20.1,4.1,18.4,3,21.5,3.8,53046,3520,34723,2979,9543,567,77.8,3.4,85762,10874,31.7,3.4,19370,1597,3.2,1.1,11048,2132,1.7,1,3674,1765,19.5,2.7,44074,32359,6.3,2.1,53782,6958,1.14,0.07,23012,1201,12.1,1.9,20,2.2,67.9,2.8,7.1,2.3,8.3,3.5,3.8,4.9,5,1.9,3.7,1.9,0,8.8,9,7.3,24.6,18.6,0,100,9543,567,63,3.8,37,3.8,2.58,0.16,2.14,0.16,3.7,2.2,14.4,3,34.4,3.1,26.9,3.2,20.6,2.9,5.4,0.3,4,1.4,7.2,1.8,92.8,1.8,2,1.1,9.2,2,6008,498,71.7,4.5,28.3,4.5,3535,431,58.1,7.3,41.9,7.3
0400000US31,Nebraska,145215,3039,41.4,1.3,58.6,1.3,145215,3039,6.6,0.6,28.8,0.9,10.3,0.8,0.2,0.1,52.6,0.9,1.4,0.2,52.8,0.7,47.2,0.7,1.1,0.2,9.5,0.7,10.2,0.5,43.5,1,17,0.6,10.5,0.4,5.4,0.4,1.9,0.2,0.9,0.2,38.3,0.4,null,89.4,1.1,36.8,1.3,11.1,0.9,0.7,0.3,24.1,0.8,0.1,0.1,16.6,1.1,10.6,1.1,51.3,0.9,12.2,0.8,64.4,1.3,33.8,1.3,3.29,0.06,3.8,0.07,133700,2652,27.8,1.1,59.6,1.2,9.8,0.5,2.8,0.3,27537,1414,1.4,0.4,32,2.5,19.6,1.6,46.9,2.6,115122,2237,37.4,1.1,null,21.4,0.9,17.3,0.9,12.6,0.8,11.2,0.8,143689,3028,13.3,0.8,86.7,0.8,53.5,1.1,132611,2602,72.5,0.9,72.3,0.9,69.5,1,2.8,0.3,3.9,0.5,0.3,0.1,27.5,0.9,92100,1928,85,0.9,9.6,0.7,5,0.6,0.3,0.1,25.7,1,17.8,0.9,11.5,0.8,14,1.1,30.9,1.3,2.7,0.5,11.8,0.9,26.9,1.3,1.6,0.4,6.8,0.6,4.3,0.6,1.2,0.2,4.6,0.6,8.9,0.8,17.7,0.9,7.6,0.7,3.8,0.5,2,0.4,66983,1592,1.6,0.4,2.5,0.5,12.7,1.1,21.3,1.3,26.2,1.4,21.2,1.4,14.5,1.1,43939,762,34748,1144,58702,1508,91.9,0.7,75115,2264,13.1,1,15510,1041,4,0.7,9380,800,2.8,0.5,2941,658,7.4,0.9,21792,5175,13.3,1.1,56966,1664,1.54,0.03,142559,2994,16.3,1.1,24.6,1.4,59.1,1.5,14.7,1.2,18.7,1.7,16.7,4.7,11.2,1.3,14.3,1.8,14.4,5.6,31,4.4,36.8,4.9,29.3,11.7,58702,1508,50.8,1.5,49.2,1.5,3.64,0.09,2.93,0.08,3,0.6,16.6,1.2,39.1,1.3,27.6,1.5,13.7,1,5,0.1,10.1,0.8,6.7,0.8,93.3,0.8,1.5,0.3,30.4,1.7,29794,1117,79.3,1.8,20.7,1.8,28908,1221,64.1,2.6,35.9,2.6
0400000US32,Nevada,586851,5961,51.9,0.7,48.1,0.7,586851,5961,7.3,0.3,31.8,0.4,3.6,0.4,0.7,0.1,54.6,0.5,1.9,0.1,48,0.3,52,0.3,0.4,0.1,3.5,0.2,4.9,0.2,36.2,0.3,21.7,0.3,16.4,0.3,10.6,0.2,4.9,0.2,1.4,0.1,47.2,0.2,null,89.9,0.5,31.6,0.6,3.9,0.3,1,0.1,28.4,0.4,0.5,0.1,24.6,0.6,10.1,0.5,53.2,0.5,12.9,0.4,60.3,0.9,39.2,0.9,3.2,0.03,3.67,0.04,571555,5795,21.7,0.5,58.5,0.6,14.8,0.4,5.1,0.2,50720,2231,1,0.4,21.8,1.5,21.7,1.4,55.4,2.1,535114,4824,28.9,0.6,null,26,0.5,22.4,0.5,15.5,0.4,7.1,0.3,584332,5959,14.7,0.4,85.3,0.4,46.9,0.6,569456,5677,67.2,0.5,67,0.5,63.2,0.5,3.7,0.2,5.6,0.3,0.2,0.1,32.8,0.5,360037,4723,86.6,0.5,6.7,0.4,6.4,0.3,0.3,0.1,21.4,0.5,36.1,0.6,16.1,0.5,12.3,0.4,14.1,0.4,0.6,0.1,10.3,0.4,5,0.4,1.5,0.2,9.4,0.4,6.6,0.4,0.9,0.1,4.2,0.3,10.6,0.5,13,0.5,30.6,0.8,5.7,0.3,1.6,0.2,268267,3942,1.6,0.2,3.1,0.3,13,0.6,22.2,0.9,25.8,0.9,18.2,0.7,16.1,0.6,41500,490,37560,609,246558,3186,85.9,0.5,79593,1266,21.8,0.6,18489,427,3.4,0.3,9102,490,3.4,0.2,4072,491,13.1,0.6,24034,1384,12.9,0.6,60665,1020,1.51,0.02,583864,6011,12.7,0.5,21.5,0.6,65.7,0.7,12.2,0.6,16.7,0.9,14,2.5,8.2,0.6,10.8,1,7.1,2.2,25.4,2,33.6,2.6,36,8,246558,3186,56.9,0.9,43.1,0.9,3.31,0.03,3.05,0.05,2.4,0.2,13.6,0.6,43.9,0.8,27.8,0.8,12.2,0.6,5.1,0.1,8.6,0.4,6,0.4,94,0.4,1.7,0.2,22.9,0.6,140179,2873,74,1,26,1,106379,2443,51.8,1.2,48.2,1.2
0400000US33,New Hampshire,82895,2315,57.4,1.8,42.6,1.8,82895,2315,24.5,1.3,35.6,1.3,7.7,1.1,0.5,0.1,22,1.4,9.6,0.7,48.8,0.8,51.2,0.8,0.6,0.3,6,0.8,6.8,0.6,36.1,1.3,17.6,1,14.6,0.7,10.5,0.8,5.4,0.6,2.5,0.4,45.3,0.8,null,93,1.2,47.7,1.6,9.9,1,0.4,0.2,31,1.2,0,0.1,4,0.7,7,1.2,16.5,1.2,40.3,1.4,68.6,1.6,28.5,1.6,2.69,0.07,3.1,0.08,79004,2100,19.8,1.3,63.7,1.7,10.3,1,6.2,0.7,11438,1053,0.9,0.6,25.3,3.8,18.2,2.9,55.6,4,71811,1946,15.3,1.3,null,21,1.2,20.5,1.1,22.6,1.3,20.6,1.3,82408,2278,30.4,1.5,69.6,1.5,29.7,1.5,78545,2086,68,1.2,67.8,1.2,64.9,1.3,2.9,0.5,4.2,0.8,0.2,0.2,32,1.2,50996,1811,86.2,1.5,7.1,1,6.2,1,0.5,0.3,43.1,2.2,18,1.6,15.8,1.3,7.1,1.3,16,1.4,0.7,0.5,5.7,1,16.5,1.5,2.3,0.5,10.2,1.1,2.7,0.6,2.1,0.7,6.3,0.9,15.5,1.3,22.8,1.5,9.4,1.3,4.2,0.9,1.7,0.4,36799,1738,1.4,0.5,1.4,0.4,7.8,1.2,13.9,1.5,19.2,1.8,18.5,1.9,37.9,2.1,64961,4417,46511,2855,34905,1260,84.1,1.7,114983,5906,24.5,1.7,21495,1186,3.1,0.7,10559,1278,3.9,0.9,6183,1726,15.2,1.5,32667,8992,8,1,79102,3237,1.38,0.04,80660,2253,8.8,1.1,14.5,1.3,76.7,1.6,6.5,1.3,9,2.3,3.5,2.8,4.1,1.1,4.5,1.5,0.2,0.4,19,7.1,29.4,11.7,32.5,28.4,34905,1260,56.4,2,43.6,2,2.82,0.09,2.51,0.12,1.9,0.6,16,1.8,38.5,1.9,25.1,1.9,18.4,1.5,5.1,0.1,5.8,1.1,6.1,1.3,93.9,1.3,0.8,0.3,15,1.5,19673,849,71,2.7,29,2.7,15232,998,57.5,3.7,42.5,3.7
0400000US34,New Jersey,2115061,13418,57.3,0.4,42.7,0.4,2115061,13418,14,0.2,32.3,0.3,6.1,0.2,0.2,0.1,46.6,0.3,0.8,0.1,48.9,0.2,51.1,0.2,0.7,0.1,5.3,0.2,5.2,0.1,36.4,0.2,19.7,0.2,16.4,0.2,9.6,0.1,4.8,0.1,2,0.1,46.1,0.2,null,91.7,0.2,35.3,0.3,11.1,0.3,0.5,0.1,29.5,0.2,0,0.1,15.3,0.3,8.3,0.2,37.7,0.3,20.1,0.2,66.1,0.5,33,0.5,3.09,0.01,3.48,0.02,2023162,12365,22.1,0.3,62,0.4,10.8,0.2,5.2,0.1,236545,4990,2.6,0.3,29.6,1.1,18.9,0.7,48.9,1.3,1879628,10846,17.6,0.3,null,23.9,0.3,17.6,0.3,23.1,0.3,17.8,0.2,2100996,13243,16.5,0.3,83.5,0.3,42.7,0.3,2013495,12244,69.9,0.3,69.9,0.3,66,0.3,3.8,0.1,5.5,0.2,0.1,0.1,30.1,0.3,1329494,9568,86.2,0.3,7.9,0.2,5.7,0.2,0.2,0.1,41,0.4,18.1,0.3,15.7,0.3,8.7,0.2,16.5,0.4,0.3,0.1,7.5,0.2,10.7,0.3,3.5,0.1,9.2,0.2,8,0.2,2,0.1,8.4,0.2,15.1,0.3,20.1,0.3,7.8,0.2,5.2,0.2,2.1,0.1,1007596,8643,1.4,0.1,2.7,0.2,10.7,0.3,13.2,0.3,15.1,0.3,18.3,0.3,38.7,0.5,63571,685,51292,670,916754,6038,87.3,0.3,121815,1219,22,0.3,19671,239,4,0.2,9013,217,2.3,0.1,4367,336,12,0.2,25323,858,11.3,0.3,83510,1026,1.51,0.01,2095944,13276,11.4,0.3,15.7,0.4,72.9,0.4,10.1,0.3,13.7,0.5,11,1.2,6.1,0.3,7.3,0.4,5.5,1,25.2,1.1,35.8,1.5,36.1,4.7,916754,6038,50.8,0.5,49.2,0.5,3.23,0.02,2.94,0.02,3.8,0.2,16.9,0.4,37.9,0.5,23.7,0.4,17.7,0.3,5,0.1,8.5,0.2,15.6,0.3,84.4,0.3,1.2,0.1,22.3,0.4,466052,4534,65.8,0.5,34.2,0.5,450702,6073,52,0.7,48,0.7
0400000US35,New Mexico,193246,4107,43.4,1.3,56.6,1.3,193246,4107,7.2,0.6,14.2,0.8,2.8,0.4,0.3,0.1,74.3,1,1.2,0.2,48.5,0.9,51.5,0.9,0.5,0.2,4.3,0.5,6.8,0.7,35.9,1,19.6,0.7,16.2,0.6,10.6,0.6,4.4,0.4,1.8,0.3,46.3,0.6,null,85.4,1,49.6,1.3,2.8,0.5,0.5,0.2,11.5,0.5,0.1,0.1,21,1,14.6,1,74,1,10.5,0.7,60.2,1.5,38.1,1.5,2.99,0.06,3.69,0.07,186826,4018,21,1.1,59.2,1.1,14.3,0.9,5.5,0.5,22493,1581,1.8,1.2,21.7,2.8,19.4,2.2,57.1,3.6,170955,3577,39,1.2,null,21.8,1.1,18.1,0.9,10.2,0.7,10.9,0.7,192372,4104,12.5,0.7,87.5,0.7,49.8,1.1,186100,4015,61.2,1.1,61.1,1.1,58.1,1,2.9,0.4,4.8,0.6,0.2,0.1,38.8,1.1,108194,2887,75.3,1.3,15.1,1.1,9.3,0.9,0.3,0.1,29.3,1.7,25.8,1.5,12.4,1,20.2,1.4,12.3,1.1,6.8,0.8,13.9,1.1,5.5,0.7,1.9,0.5,8,0.7,4.8,0.6,0.5,0.2,3,0.5,10.4,0.9,23.1,1.5,12.1,0.9,6.6,0.8,3.3,0.5,76344,2540,2.6,0.5,5.8,0.8,17.2,1.3,18.8,1.5,18.7,1.6,18.5,1.5,18.3,1.2,41537,1600,33430,1992,88403,2355,80.6,1.2,62977,1912,25.1,1.4,15604,568,5.5,0.7,9528,882,4.8,0.7,3266,523,11.4,0.9,24579,2402,21.4,1.4,43101,1510,1.3,0.03,189879,3932,22.4,1.2,25.1,1.2,52.5,1.2,22.3,1.7,29.6,2.4,25,6.4,17.2,1.9,20.7,2.8,21.1,7.9,41.2,3.9,54.9,5.6,62.6,15.2,88403,2355,64.4,1.4,35.6,1.4,3.11,0.07,2.76,0.09,3.1,0.7,10.5,0.9,49,1.7,28.4,1.6,8.9,0.9,5,0.2,6.4,0.7,5.8,0.8,94.2,0.8,1.8,0.5,27.2,1.5,56941,1978,75.4,1.7,24.6,1.7,31462,1435,59,2.6,41,2.6
0400000US36,New York,4523896,18762,58.8,0.3,41.2,0.3,4523845,18764,15.9,0.2,29.4,0.2,4.6,0.1,0.4,0.1,48.4,0.2,1.3,0.1,47.4,0.1,52.6,0.1,0.5,0.1,4.3,0.1,5.5,0.1,33.3,0.2,18.9,0.1,17.4,0.1,11.6,0.1,5.9,0.1,2.6,0.1,48.4,0.2,null,93,0.2,30.2,0.2,18.4,0.2,0.5,0.1,26.2,0.2,0.1,0.1,17.7,0.3,7,0.2,31.6,0.2,21.8,0.2,57.9,0.4,40.5,0.4,3.08,0.01,3.62,0.01,4371142,18081,25.9,0.2,55.7,0.3,12.4,0.2,6.1,0.1,502582,6967,1.4,0.1,22.2,0.5,19.1,0.4,57.4,0.6,4057743,16015,23.6,0.2,null,25.2,0.2,18.5,0.2,18.4,0.2,14.3,0.2,4499926,18670,24.5,0.2,75.5,0.2,44.9,0.3,4351232,18038,64.7,0.2,64.6,0.2,60.8,0.2,3.8,0.1,5.9,0.1,0.1,0.1,35.3,0.2,2644922,13160,81.2,0.2,11.4,0.2,7.3,0.1,0.2,0.1,35.3,0.3,27.3,0.3,16.4,0.2,8.5,0.2,12.5,0.2,0.3,0.1,7.5,0.2,5.1,0.1,2.1,0.1,8.7,0.2,7.7,0.2,1.9,0.1,7.7,0.2,11.6,0.2,28.1,0.2,10.4,0.2,6.2,0.1,3,0.1,1909700,11595,1.5,0.1,2.3,0.1,10.3,0.3,15.5,0.2,17.6,0.2,20.5,0.2,32.2,0.3,53939,368,50468,450,1960413,8826,82.1,0.2,108847,1026,26.7,0.2,18048,138,6.9,0.2,9335,149,4.5,0.1,4197,136,14.2,0.2,25400,795,18.8,0.3,68360,515,1.42,0.01,4464294,18561,14.8,0.2,18.5,0.3,66.6,0.3,12.8,0.3,17.5,0.5,13.8,0.9,9.2,0.3,11.1,0.4,8.7,0.9,23.2,0.7,33.7,1.2,28.7,2.7,1960413,8826,41.5,0.3,58.5,0.3,3.32,0.02,2.91,0.02,5.4,0.2,25.5,0.2,40.2,0.3,18.6,0.2,10.4,0.2,4.3,0.1,12.3,0.2,41,0.3,59,0.3,1.4,0.1,24.8,0.3,812849,7143,62,0.6,38,0.6,1147564,8708,46.8,0.4,53.2,0.4
0400000US37,North Carolina,845983,7686,41.2,0.6,58.8,0.6,845983,7686,10.7,0.4,28.4,0.3,8.2,0.4,0.4,0.1,50.1,0.5,2.2,0.1,50.3,0.3,49.7,0.3,1,0.1,6.4,0.3,7.6,0.3,43.5,0.4,19.9,0.3,11.9,0.3,6.2,0.1,2.8,0.1,0.9,0.1,41.6,0.2,null,90.9,0.4,35.2,0.7,10.1,0.4,0.8,0.1,25.3,0.3,0.2,0.1,19.3,0.5,9.1,0.4,46.1,0.5,17,0.5,64.3,0.8,34.3,0.8,3.29,0.03,3.73,0.04,800261,7029,25.3,0.5,61.3,0.6,9.8,0.4,3.6,0.2,116719,3466,2.2,0.4,28,1.4,20.8,1,49,1.4,719353,6401,28,0.6,null,19.8,0.5,17.4,0.4,18.3,0.4,16.4,0.4,837692,7444,19.4,0.5,80.6,0.5,43.3,0.6,794637,6943,70.9,0.4,70.3,0.4,67.2,0.4,3.1,0.2,4.4,0.2,0.6,0.1,29.1,0.4,534086,5821,86,0.5,7.3,0.3,6.4,0.3,0.3,0.1,35.6,0.6,17.6,0.5,11.7,0.4,18.5,0.5,16.5,0.5,2.3,0.2,16.1,0.6,15.2,0.4,2.2,0.2,7.8,0.3,3.6,0.2,1.2,0.2,6,0.3,14.1,0.5,15.2,0.5,9.4,0.4,5.5,0.3,1.4,0.2,404535,4532,1.6,0.2,3.2,0.3,16,0.5,20.8,0.6,18.6,0.5,14.5,0.5,25.4,0.6,42985,623,36582,852,357288,3721,91.1,0.3,88015,1300,12.7,0.4,18450,432,2,0.2,9774,581,1.6,0.2,3665,420,8.4,0.4,28064,2422,11.6,0.5,59974,1035,1.5,0.02,834785,7798,15.6,0.6,23.3,0.6,61,0.6,15.7,0.7,20.5,1,15.2,2,10.8,0.7,13.6,1,9.1,1.8,37.8,1.8,46.2,2.4,57.4,7,357288,3721,56.6,0.7,43.4,0.7,3.4,0.04,3.14,0.04,1.9,0.2,12.3,0.5,42.8,0.7,25.9,0.7,17.1,0.5,5.2,0.1,9.1,0.4,5.2,0.3,94.8,0.3,1.5,0.2,22,0.6,202242,2766,77.5,0.7,22.5,0.7,155046,3334,59.2,1.3,40.8,1.3
0400000US38,North Dakota,33955,1321,41.5,3.3,58.5,3.3,33955,1321,9.7,1.4,32.4,1.8,32.5,2,0.7,0.3,16.3,1.7,8.4,1.2,49.9,1.6,50.1,1.6,1.4,0.5,7.9,1.1,12.4,1.1,50.5,2,14.4,1.8,7.5,1,3.6,1,1.5,0.3,0.7,0.2,34.9,0.6,null,97.1,0.8,27.3,1.9,33.5,1.8,0.8,0.4,27.4,1.5,0.3,0.3,7.8,1.6,2.9,0.8,14.8,1.7,22.4,1.9,56.9,3,40.4,3,2.6,0.12,3.32,0.16,31834,1224,32.7,2.6,54.9,2.8,9.7,1.9,2.7,0.6,7309,782,0.8,0.9,20.3,4.3,16.3,4.7,62.6,3.9,26587,1107,15.3,2,null,18.7,2.1,27.2,2.5,19.6,2.1,19.1,2.3,33476,1273,31.1,2.2,68.9,2.2,27.6,2.2,31517,1190,76.7,2.2,76.2,2.1,72.4,2.5,3.8,1,4.9,1.4,0.6,0.4,23.3,2.2,22820,1112,78.4,2.3,17.4,2.2,4.1,1.1,0.1,0.1,37.5,3.2,26.2,3.1,12.6,2.2,7.4,1.3,16.4,2.2,5.1,1.2,5.2,1.3,9.7,2.2,1.7,0.7,8.1,1.9,4.4,1.1,1,0.8,5.5,1.5,7.1,1.8,35,2.6,10.9,2.1,3.3,1.2,3.2,1.2,14636,1237,2.3,0.9,2.6,1.2,11.2,3.6,18.1,3.3,22.3,3.8,22.3,3.9,21.2,3.2,51007,4598,38123,3220,15923,939,93.4,2.1,79313,8576,9,2.1,18041,2374,2.6,0.9,10150,1735,4.3,1.8,3613,1257,5,1.7,18241,3646,15,3,52897,4593,1.33,0.07,33152,1307,19.4,2.7,20,2.7,60.6,3.3,17.6,3.7,23.1,5.4,37.2,17.4,12.5,3.9,15.3,6,36.6,20.3,41.3,11.8,46.9,12.8,50.3,33.1,15923,939,27.9,2.7,72.1,2.7,3.01,0.2,2.44,0.13,8.2,2.5,20.8,3.1,42.5,4.1,17.8,2.4,10.7,2.1,4.2,0.2,8.5,2.1,10.6,2.9,89.4,2.9,2,0.9,16.5,2.7,4449,452,75.4,5.5,24.6,5.5,11474,865,64.5,4.6,35.5,4.6
0400000US39,Ohio,559518,7399,53.3,0.6,46.7,0.6,559429,7407,18.4,0.5,42.7,0.7,16,0.7,0.6,0.1,19.6,0.5,2.7,0.2,50,0.4,50,0.4,0.9,0.1,7.1,0.3,8.3,0.3,40.3,0.4,16.3,0.3,11.9,0.4,8.3,0.3,4.7,0.2,2.2,0.2,41.6,0.3,null,94.1,0.4,35.3,0.6,15.9,0.6,0.4,0.1,35.4,0.6,0.2,0.1,6.9,0.4,5.9,0.4,17.2,0.4,28.6,0.5,64,0.9,34.1,0.9,2.8,0.03,3.44,0.04,526652,6597,23.5,0.5,62,0.7,9.2,0.4,5.3,0.2,97087,3252,1.6,0.2,25.8,1.4,17.7,1,54.9,1.5,468454,5775,17.1,0.6,null,21.1,0.6,18,0.5,21.3,0.5,22.5,0.5,554216,7290,22.2,0.5,77.8,0.5,35.6,0.7,522867,6506,66.5,0.6,66.4,0.6,63.4,0.5,3,0.2,4.5,0.4,0.1,0.1,33.5,0.6,331446,4969,85.4,0.6,8.5,0.4,5.9,0.4,0.2,0.1,44.6,0.8,17.1,0.6,12.9,0.5,6.1,0.4,19.3,0.8,0.6,0.1,4.6,0.3,16.6,0.6,2.4,0.3,9,0.5,7.4,0.5,1.2,0.2,5.9,0.3,13.1,0.6,24.3,0.7,8.9,0.6,4.2,0.3,1.8,0.2,237105,4362,1.5,0.2,2.5,0.3,10.3,0.7,16.3,0.8,16.7,0.8,19.6,0.7,33.1,0.8,58383,2600,44415,984,245570,3895,84.4,0.6,97873,2173,19.3,0.6,19420,405,4.2,0.4,9873,370,2.5,0.3,4140,395,12.4,0.5,27186,1918,11.6,0.5,63790,1258,1.28,0.01,549340,7238,15.8,0.7,17.6,0.6,66.6,0.8,12.9,0.8,17.2,1.1,14,2.6,9.1,0.7,11.9,1.1,10.2,2.3,30.5,2.7,38.7,3.2,41.8,10.8,245570,3895,52.7,0.8,47.3,0.8,3,0.04,2.58,0.05,2.5,0.3,15.2,0.7,36.2,0.9,24.4,0.7,21.6,0.6,5.2,0.2,6.2,0.5,8.3,0.4,91.7,0.4,1.4,0.2,20.6,0.7,129478,2528,79.2,1,20.8,1,116092,2848,63.8,1.2,36.2,1.2
0400000US40,Oklahoma,239202,3894,38.9,0.9,61.1,0.9,239202,3894,6.9,0.4,27.8,0.6,5.3,0.6,1.6,0.3,56.5,0.7,2,0.4,51.6,0.5,48.4,0.5,0.7,0.1,5.5,0.4,9.4,0.5,43.3,0.7,18.3,0.5,12.8,0.4,6.5,0.3,2.5,0.2,0.9,0.1,41,0.3,null,90.3,0.6,39.4,1,5.4,0.6,1.2,0.2,24.4,0.5,1.3,0.3,18.5,0.8,9.7,0.6,54.4,0.7,12.6,0.6,64.4,1.1,33.4,1.1,3.33,0.04,3.87,0.04,228909,3461,23.5,0.7,62.2,0.9,10.7,0.6,3.6,0.3,34347,1922,1,0.3,22.6,1.5,19,1.7,57.4,2.2,201861,2579,35.4,0.9,null,24.6,0.7,16.4,0.6,12.6,0.5,10.9,0.5,237411,3816,16,0.6,84,0.6,48.1,0.9,227673,3461,69.6,0.8,69.2,0.8,66.7,0.8,2.5,0.3,3.6,0.4,0.4,0.1,30.4,0.8,151855,2703,81.2,0.8,10.5,0.7,8,0.6,0.3,0.1,25.4,0.9,23.7,1,12.3,0.6,19.3,0.9,19.4,0.9,4.2,0.3,15.2,0.8,14.1,0.8,1.5,0.2,9.3,0.6,3.8,0.4,0.9,0.2,2.7,0.3,9.3,0.6,16.7,0.7,12.7,0.8,6.7,0.4,3,0.4,113284,2139,2.4,0.4,4.6,0.5,16.7,0.9,22.5,1,22.5,1,16.9,0.8,14.3,0.8,39769,611,31771,633,99985,1865,89.9,0.7,71430,2275,15,0.7,17583,591,2.6,0.3,10418,877,2.1,0.3,2502,808,9.8,0.6,24902,2388,11.3,0.8,52117,1042,1.54,0.03,234004,3873,17,0.8,26.1,0.8,56.9,1,16.3,0.9,21.6,1.3,14.4,2.7,12.2,1,15.5,1.3,8.1,2.2,35.5,3.4,45.9,3.9,46.6,11.9,99985,1865,57.7,1.2,42.3,1.2,3.5,0.05,3.1,0.07,2.2,0.4,13.1,0.8,43.4,1,29.5,1,11.9,0.7,5.2,0.1,8.6,0.7,4.5,0.5,95.5,0.5,1.7,0.3,25.8,1.1,57710,1307,78.7,1.3,21.3,1.3,42275,1614,61.1,2.1,38.9,2.1
0400000US41,Oregon,412382,5818,48.1,0.8,51.9,0.8,412382,5818,15.3,0.5,33.5,0.7,4,0.3,2.2,0.2,41.4,0.7,3.6,0.2,49.8,0.5,50.2,0.5,0.7,0.2,4.7,0.4,6.8,0.3,39.7,0.6,20.1,0.4,14,0.4,8.2,0.3,4,0.2,1.9,0.2,44.2,0.3,null,90.9,0.6,42.4,0.9,3.5,0.3,1,0.2,28.8,0.6,1.4,0.2,13.8,0.7,9.1,0.6,40.1,0.7,24,0.6,64.8,0.9,33.4,0.9,3.15,0.04,3.64,0.05,396360,5309,22.7,0.6,62.5,0.7,10.2,0.4,4.6,0.3,51377,2331,2,0.7,22.4,1.7,18.8,1.3,56.9,2.2,361976,4778,27.2,0.7,null,19.2,0.6,21.1,0.6,17.1,0.5,15.4,0.5,409426,5713,20.6,0.6,79.4,0.6,42.6,0.7,394422,5272,68.6,0.6,68.6,0.6,65.7,0.7,2.9,0.3,4.2,0.4,0,0.1,31.4,0.6,259078,4397,83.8,0.6,9.2,0.5,6.7,0.4,0.3,0.1,35.2,0.9,21.8,0.7,12,0.6,14.4,0.8,16.6,0.7,6.6,0.6,7.6,0.6,17.5,0.7,2.3,0.2,7.6,0.5,4.4,0.4,0.8,0.1,3.7,0.3,12.1,0.7,19.6,0.7,10.7,0.6,4.7,0.4,2.5,0.2,187419,3773,1.6,0.2,2.4,0.3,11.3,0.6,19.1,1,20.7,0.9,16.8,0.8,28.2,0.9,48377,1393,40392,1043,175582,3253,85.8,0.7,101240,2638,19.7,0.8,18599,488,4.3,0.4,9033,595,4.2,0.5,4169,711,12,0.7,26033,3499,16.8,0.8,67756,1710,1.48,0.02,407787,5804,13.5,0.6,20.3,0.8,66.2,0.9,11.7,0.8,15.5,1.2,11.3,3.7,8.2,0.7,9.9,1.1,6.8,2.9,26.9,3.1,36.1,4.1,42.7,15.5,175582,3253,56.6,1.1,43.4,1.1,3.22,0.06,3.06,0.07,3.5,0.4,14.9,0.8,40.8,1,26.4,0.9,14.4,0.8,5,0.2,10.6,0.6,8.3,0.7,91.7,0.7,1.1,0.2,19,0.8,99379,2589,72.4,1.1,27.6,1.1,76203,2381,53.5,1.7,46.5,1.7
0400000US42,Pennsylvania,924624,8550,54.7,0.5,45.3,0.5,924619,8549,18.3,0.4,38.8,0.4,9.1,0.4,0.4,0.1,31.5,0.5,1.9,0.2,49.3,0.3,50.7,0.3,0.9,0.1,6.3,0.3,7.6,0.2,38.4,0.4,17.8,0.3,13.7,0.2,9.1,0.2,4.5,0.1,1.8,0.1,43.5,0.3,null,93.7,0.3,34.6,0.5,14,0.5,0.4,0.1,34.2,0.4,0.1,0.1,10.3,0.4,6.3,0.3,24.1,0.4,25.9,0.4,63.8,0.6,33.8,0.6,2.92,0.02,3.45,0.03,877386,7825,24.3,0.5,60.5,0.5,10.4,0.3,4.8,0.2,144995,3679,2,0.4,23.6,1,18.1,0.8,56.4,1.2,788525,6666,19.1,0.5,null,22.3,0.5,17.9,0.4,20.2,0.5,20.5,0.4,916549,8467,22.5,0.4,77.5,0.4,40.4,0.5,871356,7665,67.7,0.4,67.7,0.4,64,0.5,3.7,0.2,5.5,0.3,0,0.1,32.3,0.4,557329,6083,86.8,0.4,6.9,0.3,6.1,0.3,0.2,0.1,42.1,0.7,19.2,0.5,14.1,0.5,7.4,0.4,17.2,0.5,1.7,0.4,5,0.3,13.2,0.4,2.6,0.2,8.8,0.3,6.9,0.3,1.6,0.2,5.6,0.3,13.1,0.4,25.5,0.5,8.8,0.3,5.1,0.3,2.1,0.2,409168,5590,1.9,0.2,2.9,0.2,10.9,0.5,16.1,0.5,17.3,0.6,18.5,0.5,32.4,0.7,55382,1163,44061,826,398644,4689,85.5,0.5,101305,1343,20.4,0.5,19414,334,5.5,0.3,9937,302,4.3,0.3,3255,319,11.4,0.4,25014,1628,16.5,0.5,66654,1303,1.38,0.01,905249,8572,14.6,0.5,18.4,0.5,67,0.7,12.6,0.5,16.3,0.8,13.5,1.7,8.8,0.6,10.4,0.8,8.9,1.8,27.1,1.8,34.9,2.4,28.3,6,398644,4689,57.7,0.7,42.3,0.7,3.11,0.03,2.66,0.03,3.3,0.3,14.2,0.4,30.7,0.7,31.1,0.7,20.7,0.4,5.6,0.1,5.7,0.3,13.8,0.5,86.2,0.5,1.2,0.1,23.2,0.6,229865,3350,74.3,0.9,25.7,0.9,168779,3724,56.1,0.9,43.9,0.9
0400000US44,Rhode Island,155580,3886,56.5,1.5,43.5,1.5,155580,3886,20.4,1.2,18.6,0.8,11.9,1,0.2,0.1,47.4,1.4,1.5,0.3,49.5,0.8,50.5,0.8,0.9,0.3,5.8,0.6,6.8,0.5,34.1,1.1,19.2,0.7,16.5,0.7,9.9,0.7,4.8,0.5,2.1,0.3,46.1,0.6,null,89.8,1.1,39.3,1.4,14.1,1.2,0.4,0.2,15.8,0.7,0.1,0.1,20.1,1.6,10.2,1.1,42.6,1.3,25.7,1.2,59,1.9,39.3,1.9,2.94,0.05,3.47,0.06,147969,3564,26.8,1.4,54.8,1.5,12.9,0.8,5.5,0.5,21455,1510,2,1.2,25.7,2.8,18.3,2.5,54,3.7,134676,3387,26.1,1.4,null,29.3,1.5,18.1,1,14.5,1.2,11.9,0.9,154194,3848,17.4,1,82.6,1,43.6,1.2,147102,3553,67.2,1.3,67,1.4,62.7,1.4,4.3,0.6,6.4,0.8,0.2,0.1,32.8,1.3,92259,2933,85.8,1.3,8.5,1,5.3,0.8,0.4,0.2,31,1.4,25.3,1.4,14.6,1.2,7.2,0.8,21.8,1.4,0.3,0.2,6.7,1,16.2,1.2,1.9,0.4,9.4,1.1,5.7,1,1.1,0.3,5.1,0.7,12.3,0.9,25.3,1.3,8,0.8,5.1,0.7,2.9,0.7,68672,2614,1,0.3,3,0.6,11.1,1.3,18.2,1.7,23,1.7,20.4,1.7,23.3,1.4,50360,2857,40708,1083,69436,2116,82.1,1.3,85392,3122,25.5,1.5,17008,806,6.6,1,9672,670,6.2,0.9,2875,455,12.3,1.1,19155,3043,22.1,1.6,61204,2823,1.38,0.03,152783,3893,14.7,1.2,20.5,1.7,64.8,1.8,12.9,1.5,18.3,2.5,15.6,6.2,8.8,1.5,12.2,2.6,14.7,8.2,24.7,3.8,34.5,5.8,24.8,12.6,69436,2116,51.4,1.8,48.6,1.8,3.18,0.08,2.69,0.07,2.5,0.6,13.5,1.2,44.5,1.8,27.5,1.7,12,1.2,5.1,0.1,5.8,0.9,11.6,1.2,88.4,1.2,2,0.5,25,1.5,35662,1748,65.9,2,34.1,2,33774,1569,53.4,2.5,46.6,2.5
0400000US45,South Carolina,263917,4164,44.1,1,55.9,1,263917,4164,17,0.8,25,0.7,3.8,0.5,0.8,0.2,50.2,0.9,3.2,0.3,51.1,0.6,48.9,0.6,0.9,0.2,6.7,0.4,7.2,0.4,41.7,0.8,17.5,0.5,12.8,0.5,7.9,0.3,4,0.3,1.3,0.2,42,0.4,null,89.8,0.7,41.3,1.2,7,0.6,0.8,0.2,21.7,0.7,0.5,0.1,18.6,1,10.2,0.7,44.1,0.8,24.6,0.9,65.7,1.3,32.3,1.3,3.13,0.05,3.6,0.06,249551,3974,24.2,1,61.9,1.2,9.5,0.6,4.4,0.4,34230,1822,1.8,0.6,30.9,2.4,21.7,2.2,45.5,2.5,224910,3633,23.2,0.9,null,24.6,0.8,19.7,0.8,18.2,0.7,14.3,0.6,261600,4158,24.1,0.9,75.9,0.9,39.3,1,248046,3912,67.4,0.7,66.7,0.7,64.2,0.8,2.4,0.3,3.7,0.5,0.7,0.2,32.6,0.7,159307,3204,80.9,1.1,9.2,0.8,9.6,0.8,0.3,0.1,33.9,1.1,20.8,1,12.7,0.8,19.8,0.8,12.8,0.9,2,0.4,17.5,0.8,14.2,0.9,1.5,0.3,8.1,0.5,3.4,0.5,1,0.3,3.9,0.4,13,1,16.5,0.9,11.3,0.9,5.5,0.7,2,0.3,119143,2752,2.3,0.3,3.2,0.4,16.2,1,20.1,1.1,18.3,1.1,16.7,1.2,23.2,1,42609,1113,37570,1288,109443,2089,87.5,0.8,84248,2511,18.1,0.9,20805,707,2.9,0.5,10199,1203,1.2,0.3,4838,1184,11.8,0.7,26284,2242,8.5,0.7,58595,1719,1.44,0.03,259087,4181,16,1,22.2,1.1,61.7,1.1,14.8,1,20.5,1.4,16.2,4,10.2,1,14.1,1.4,9.6,3.5,37.1,3.6,46.3,5.1,46.9,14.7,109443,2089,61.8,1.3,38.2,1.3,3.1,0.06,3.16,0.09,1.7,0.3,9.7,0.8,41.1,1.4,29.1,1.3,18.4,1,5.4,0.1,7.5,0.7,4.9,0.6,95.1,0.6,1.7,0.3,20.3,1.1,67601,1795,81,1.3,19,1.3,41842,1689,54.7,2.2,45.3,2.2
0400000US46,South Dakota,33705,1731,41,2.8,59,2.8,33705,1731,13,2.2,31,1.8,24.5,2,1.1,0.9,27.1,1.7,3.3,0.9,51.2,1.7,48.8,1.7,1.4,0.5,11,1.6,12.1,1.6,46.9,2.2,13.9,1.1,8,1,3.8,0.6,2.2,0.5,0.6,0.2,34.3,0.7,null,91.6,1.3,28.4,2.6,24.7,2.1,0.3,0.2,27.6,1.8,0.8,0.8,9.8,1.5,8.4,1.3,25.2,1.7,19.6,2.3,56,3.2,41.1,3.1,2.93,0.14,3.62,0.18,30622,1398,35.8,2.5,51.7,2.8,9.7,1.5,2.8,0.7,7302,873,2,1,33.5,5,22.2,3.9,42.3,5.3,25419,1219,24.3,2.2,null,28.6,2.6,16.9,1.7,18.4,2.2,11.9,1.7,33222,1686,25.2,2.6,74.8,2.6,34.3,2.9,30406,1372,76.2,2,75.7,2,73,2.1,2.7,1,3.6,1.3,0.4,0.3,23.8,2,22198,1174,85.6,1.9,11.2,1.7,3.2,0.8,0.1,0.1,27.7,2.5,21,2.7,12.7,2.5,8.9,1.6,29.7,3,5,1,4.8,1.2,27.3,2.7,1.8,1.1,6.8,1.8,3.6,1.2,0.9,0.5,6,1.4,3,1,24.3,2.7,11.9,2.1,2.4,0.7,2.1,0.8,16345,1082,0.8,0.6,3,1.2,9.5,1.8,25.1,3.1,28.9,3.1,19.7,3.1,13.1,2.1,44088,1472,33970,2759,13613,815,92.9,1.3,78913,5646,9.6,1.8,15858,1685,3.3,1.7,8950,1839,2.5,1.2,4200,1310,7.1,1.7,15774,5065,11.6,2.8,55835,3847,1.49,0.06,32934,1753,13.8,2.2,25.4,3.8,60.8,3.5,11.1,2.6,11.9,3.6,10.9,7.3,9.1,3.2,10.3,4.1,4.5,4.8,15.5,7.4,16.4,8.8,19.5,15.4,13613,815,37.9,3.7,62.1,3.7,3.51,0.25,2.57,0.16,2.9,1,18.9,2.7,45.3,4.1,17.2,2.7,15.7,2.9,4.4,0.1,9.5,1.9,6.4,1.5,93.6,1.5,2.4,1,20.2,2.7,5164,552,77.5,5.2,22.5,5.2,8449,765,72.8,4.2,27.2,4.2
0400000US47,Tennessee,365400,5318,41.5,1,58.5,1,365221,5385,10.6,0.6,30.1,0.8,11.4,0.9,0.5,0.1,44.9,0.8,2.5,0.3,50.5,0.6,49.5,0.6,1.5,0.2,8.7,0.4,8.3,0.4,42.8,0.6,17.5,0.5,11.5,0.4,6.1,0.3,2.8,0.2,0.8,0.1,39.7,0.3,null,91,0.6,42.4,1.1,9.8,0.8,0.6,0.2,23.5,0.6,0.2,0.1,14.5,0.7,9,0.6,41.9,0.8,22.4,0.9,65.6,1.1,32.8,1.1,3.38,0.06,3.89,0.06,337938,4902,24.3,0.7,62.6,0.9,9.1,0.5,3.9,0.3,56242,2397,1.8,0.5,34.1,1.9,23.5,1.6,40.6,2.2,297935,4097,26.9,0.8,null,23.2,0.9,16.2,0.6,18.2,0.8,15.5,0.6,360086,5063,21.6,0.8,78.4,0.8,44.9,1,334864,4940,69.9,0.7,69.6,0.7,66.8,0.7,2.8,0.3,4,0.5,0.3,0.1,30.1,0.7,223848,3679,83.7,0.7,7.3,0.5,8.7,0.6,0.2,0.1,31.8,0.8,20.7,0.9,13.2,0.7,17.6,0.7,16.7,0.8,1.8,0.3,14.6,0.6,13.5,0.7,1.9,0.3,9.3,0.6,5.9,0.5,0.9,0.2,4.1,0.5,11.3,0.6,16.6,0.8,12.9,0.7,5.6,0.4,1.6,0.2,168017,3356,2,0.3,3.4,0.4,16.3,1,20.5,1.1,19.4,0.9,16.4,0.9,22.1,0.9,42508,888,35962,1031,143899,2746,90.2,0.7,88136,2372,13,0.8,18965,768,2.8,0.4,9927,829,2.1,0.4,3490,647,9.1,0.6,24679,3548,11.8,0.9,58172,1682,1.55,0.03,359613,5226,17,0.8,23.8,1.1,59.2,1.2,16.3,0.9,21.7,1.1,16.5,3.5,12.8,1,16.8,1.4,8.7,3.3,34.4,2.9,43.8,3.9,55,13.5,143899,2746,52.6,1.1,47.4,1.1,3.43,0.07,3.33,0.08,1.9,0.3,11.7,0.7,42,1.1,27,1.3,17.4,0.9,5.2,0.2,8.8,0.6,4.2,0.5,95.8,0.5,1.5,0.2,25.2,1.1,75654,2110,76.3,1.4,23.7,1.4,68245,2052,55.9,1.9,44.1,1.9
0400000US48,Texas,4904169,24977,39.8,0.3,60.2,0.3,4904169,24977,4.3,0.1,22.7,0.2,5.7,0.2,0.3,0.1,65.9,0.2,1.1,0.1,50.3,0.2,49.7,0.2,0.8,0.1,5.8,0.1,6.5,0.1,39.7,0.2,20.5,0.1,14.2,0.1,8,0.1,3.4,0.1,1.1,0.1,43.8,0.2,null,85.5,0.3,43.3,0.3,6.1,0.2,0.6,0.1,20.1,0.1,0.1,0.1,15.3,0.2,14.5,0.3,64.3,0.2,8.5,0.2,67.3,0.4,31.6,0.4,3.37,0.01,3.81,0.01,4670423,22696,21.1,0.2,63.9,0.3,10.6,0.2,4.5,0.1,593284,8576,2.1,0.2,29.2,0.7,21.1,0.5,47.6,0.7,4261590,19646,35.8,0.3,null,20.5,0.2,16.1,0.2,15.8,0.2,11.8,0.2,4865173,24494,11.3,0.2,88.7,0.2,53.3,0.3,4643824,22740,67.3,0.2,67.2,0.2,64.2,0.2,2.9,0.1,4.3,0.1,0.2,0.1,32.7,0.2,2983578,17646,81.4,0.2,8.5,0.2,9.8,0.2,0.3,0.1,30.6,0.3,21.7,0.3,13.6,0.2,18.2,0.3,15.9,0.2,2.9,0.1,15.6,0.2,10.6,0.2,2.6,0.1,9,0.2,6,0.2,1.1,0.1,4.7,0.1,12.7,0.2,16.9,0.2,9.4,0.2,6.6,0.1,1.8,0.1,2255031,14428,2,0.1,4,0.1,15.8,0.3,19.7,0.3,18.2,0.3,17.1,0.3,23.2,0.3,44207,292,33931,357,2106287,10820,89.6,0.2,85129,588,16.2,0.2,15694,159,4.1,0.1,8653,169,2.1,0.1,3987,260,7.5,0.2,22293,735,14.7,0.2,58018,478,1.51,0.01,4852031,25106,16.9,0.3,23.7,0.3,59.4,0.3,16.5,0.3,20.8,0.4,15.8,1.1,12,0.3,14.1,0.4,10.2,0.9,35.8,0.9,45.6,1.2,41.3,3.5,2106287,10820,59.5,0.3,40.5,0.3,3.58,0.02,3.06,0.02,2.7,0.1,15.2,0.2,40.1,0.4,28.1,0.3,13.9,0.3,5.1,0.1,11.3,0.2,5.4,0.1,94.6,0.1,1.5,0.1,27.8,0.3,1253241,7368,75.2,0.4,24.8,0.4,853046,9344,52.8,0.6,47.2,0.6
0400000US49,Utah,273434,4177,42.8,1.1,57.2,1.1,273434,4177,10.1,0.6,21,0.7,3.8,0.4,3.9,0.4,58,0.8,3.2,0.3,49.4,0.6,50.6,0.6,0.6,0.1,6.3,0.5,8.9,0.4,41.6,0.6,19.6,0.4,12.7,0.4,6.4,0.4,3,0.2,1,0.1,41.6,0.4,null,90.3,0.8,37.8,1,3.8,0.3,1.1,0.2,17.8,0.6,3.1,0.3,26.6,1,9.7,0.8,55.2,0.8,17.5,0.7,68.5,1,30.2,1,3.57,0.06,3.9,0.06,260509,3823,23,0.8,63.5,0.8,10.3,0.5,3.2,0.3,44188,1923,1.6,0.7,22,2,21.5,1.9,54.9,2.7,230348,3433,23.9,0.9,null,26.3,0.9,22.6,0.8,17,0.8,10.1,0.6,271911,4123,17.2,0.7,82.8,0.7,41.7,0.9,258990,3841,71.7,0.6,71.6,0.6,69.1,0.7,2.5,0.3,3.5,0.4,0.1,0.1,28.3,0.6,179012,3288,84.9,0.7,9.1,0.5,5.7,0.4,0.3,0.1,27.4,1,20.6,1,16,0.8,14.3,0.9,21.7,0.9,1.3,0.2,12,0.8,16.6,0.9,2.4,0.3,9.1,0.6,6.2,0.6,1.1,0.2,5.4,0.6,12.9,0.6,14.7,0.7,11.5,0.7,4.8,0.4,2.1,0.2,131611,2887,1.6,0.4,3,0.4,11.8,0.8,22.2,1,23.8,0.9,20,0.9,17.7,0.8,44378,822,35245,995,104375,1895,90.5,0.8,85236,1752,14.5,0.9,18231,930,2.8,0.4,9824,954,1.9,0.3,3471,783,9.1,0.7,24946,3081,8.5,0.8,65404,1542,1.74,0.03,269902,4107,12.9,0.8,22.1,1.3,65,1.2,11.9,1,15.4,1.4,13.6,3.3,9.2,0.9,11.2,1.4,9.2,2.8,23.9,2.6,31.5,3.5,38.4,13.3,104375,1895,58.4,1.3,41.6,1.3,3.71,0.09,3.37,0.08,2,0.4,11.7,0.7,35.5,1.4,25.5,1.2,25.3,1.1,5.6,0.2,10,0.8,4.8,0.5,95.2,0.5,1.2,0.2,17.7,1.1,60978,1639,75.1,1.4,24.9,1.4,43397,1696,54.5,2.1,45.5,2.1
0400000US50,Vermont,28005,1084,57.6,2.5,42.4,2.5,28005,1084,28.3,2,33.1,1.9,8,1.6,1.2,0.6,11.2,1.3,18.1,1.7,44.7,1.7,55.3,1.7,0.7,0.4,6.1,1,11.9,1.3,30.3,1.8,14.5,1.4,15.4,1.5,11.9,1.3,6.1,0.9,3.1,0.6,45.8,1.4,null,95,1.6,55.1,2.1,9.6,1.7,0.6,0.3,27.6,2.2,0,0.1,2.1,0.6,5,1.6,8.4,1.1,51.4,2.1,61,2.9,33.3,2.8,2.45,0.1,3.13,0.13,26736,1022,26.6,2.3,57.7,2.4,9.4,1.3,6.2,0.9,5196,521,1.5,1.3,18.7,3.6,18.5,3.5,61.2,4.8,22762,889,12.5,1.7,null,17.6,1.8,19.7,1.7,25.3,2.2,24.9,1.9,27804,1065,39.1,2.3,60.9,2.3,21.2,1.9,26560,1025,64.6,2.3,64.4,2.3,62.7,2.2,1.7,0.5,2.7,0.7,0.2,0.2,35.4,2.3,16653,846,79.8,2.6,13.4,2.5,6.5,1.2,0.3,0.2,47.8,3.2,19.3,2.3,15.8,2.3,4.9,1.2,12,2,2.3,0.9,3.8,1.2,13,2,0.9,0.4,8,1.8,3.5,1.4,1,0.6,4.1,1.2,10.5,1.7,35.6,2.4,11,1.7,2.8,1,3.5,1.1,10864,648,0.7,0.3,1.7,0.7,7.8,1.9,18.8,2.9,20.7,3,21.7,3.2,28.5,3.2,54465,3635,44446,2767,11363,672,80.4,2.6,93789,6368,29.4,2.8,20773,1577,4.5,1.5,14256,2840,2.4,0.8,3674,938,16.1,2.4,23542,4202,5.7,1.2,62046,5481,1.28,0.07,26504,1049,12.4,2.2,16.3,2.5,71.2,2.9,7.9,2.4,13,4.5,20,13.4,6.8,2.7,10.6,5,10.2,11.6,13.1,8.5,21.9,13.8,49.7,40.2,11363,672,59.3,3.5,40.7,3.5,2.6,0.13,2.23,0.18,2.9,1.4,16.6,3.1,33.1,3.8,26.9,3,20.6,2.5,5.3,0.3,3.6,1.6,9.8,2.9,90.2,2.9,0.7,0.4,11.7,2.3,6733,509,73.1,4.2,26.9,4.2,4630,519,57.7,6.4,42.3,6.4
0400000US51,Virginia,1076919,9999,54.7,0.5,45.3,0.5,1076904,9999,9.8,0.2,42.2,0.3,10.9,0.3,0.3,0.1,35.5,0.3,1.3,0.1,48.4,0.2,51.6,0.2,0.8,0.1,6.1,0.2,6.9,0.2,39.5,0.3,19.4,0.2,13.8,0.2,8.2,0.1,3.9,0.1,1.3,0.1,43.4,0.3,null,91.9,0.3,31.7,0.5,11.5,0.4,0.4,0.1,36.2,0.3,0,0.1,12,0.5,8.1,0.3,32.5,0.3,17.8,0.4,67.9,0.6,30.9,0.6,3.2,0.02,3.59,0.03,1023703,9298,22.9,0.4,63.3,0.5,9.6,0.3,4.2,0.2,156870,3442,1.5,0.3,25.1,1,20.2,0.9,53.3,1.1,927647,8382,17.5,0.5,null,18.7,0.4,19.6,0.4,23,0.4,21.2,0.4,1068080,9824,17.3,0.4,82.7,0.4,37.9,0.5,1017395,9250,72.2,0.3,71.4,0.3,68.4,0.3,3,0.2,4.1,0.2,0.9,0.1,27.8,0.3,695891,6963,79.8,0.4,13.8,0.4,6.2,0.2,0.3,0.1,43.8,0.5,20.2,0.5,14.3,0.4,11.4,0.4,10.3,0.3,0.7,0.1,10.3,0.4,4.9,0.2,1.2,0.1,8.4,0.3,5.1,0.2,1.8,0.1,6.5,0.2,20.2,0.4,18,0.4,10.1,0.3,6.6,0.2,6.2,0.2,525644,6424,1.5,0.2,2.4,0.2,9.4,0.4,14.4,0.4,16.1,0.5,19.3,0.4,37,0.6,61582,1243,50294,1024,432454,4125,89.9,0.4,118263,1424,17.6,0.4,19135,377,3.1,0.2,9052,354,2.1,0.2,4718,531,12.6,0.4,36471,2775,7.7,0.4,87811,1101,1.62,0.01,1063277,9825,10.1,0.4,15.5,0.4,74.4,0.5,8.7,0.5,11.7,0.7,10,1.4,6.2,0.4,7.7,0.6,6.8,1.3,21.7,1.8,30.8,2.7,34.7,7.5,432454,4125,59.7,0.6,40.3,0.6,3.3,0.03,3.04,0.04,2.6,0.2,13,0.4,34,0.7,24.9,0.6,25.4,0.6,5.5,0.1,7.4,0.3,6.5,0.3,93.5,0.3,1,0.1,17.9,0.5,258177,3002,71.9,0.8,28.1,0.8,174277,3577,51.4,1.1,48.6,1.1
0400000US53,Washington,1116529,9623,48.3,0.5,51.7,0.5,1116529,9623,14.6,0.4,44.4,0.4,6.4,0.2,2,0.1,28.5,0.4,4.2,0.2,48.9,0.2,51.1,0.2,0.8,0.1,5.5,0.2,6.7,0.2,42,0.3,18.5,0.2,13,0.2,7.9,0.2,3.9,0.1,1.6,0.1,42.7,0.2,null,93.8,0.3,31.7,0.4,6.3,0.2,0.6,0.1,40.4,0.4,1.3,0.1,13.5,0.3,6.2,0.3,27.3,0.4,22.7,0.4,66.9,0.5,31.7,0.5,3.08,0.02,3.57,0.02,1064083,8811,22.8,0.4,62.9,0.5,9.9,0.3,4.4,0.2,144322,4018,2.3,0.3,26.7,1.1,17.8,0.9,53.1,1.2,970813,7975,20.9,0.4,null,18.7,0.4,21.2,0.4,20.8,0.4,18.5,0.3,1107806,9437,18.3,0.4,81.7,0.4,42.1,0.5,1058779,8720,69.2,0.3,68.8,0.3,66,0.3,2.8,0.1,4.1,0.2,0.4,0.1,30.8,0.3,698543,6638,83.8,0.4,9.4,0.3,6.6,0.3,0.2,0.1,41.1,0.5,19.4,0.4,12.4,0.4,12.7,0.4,14.4,0.3,6,0.3,6.7,0.3,9.8,0.3,2.5,0.2,10.4,0.4,6.1,0.3,2.8,0.2,3.6,0.2,18.6,0.4,18.3,0.4,8.6,0.3,4.2,0.2,2.4,0.1,501374,5523,1.5,0.2,1.9,0.1,6.6,0.3,14.2,0.4,18.3,0.4,18.1,0.5,39.4,0.6,64196,863,50563,1172,473397,5297,87.4,0.4,124646,1838,17.6,0.4,18768,381,4.3,0.3,9380,267,3.9,0.3,3650,348,12.1,0.4,25651,1182,14.1,0.4,82473,1007,1.47,0.01,1104831,9692,11.8,0.4,15.4,0.4,72.8,0.5,10.3,0.4,13.3,0.5,8.3,1.3,7,0.4,8.1,0.6,5.9,1.4,27.7,1.4,37.2,2.1,30.5,6.2,473397,5297,56.2,0.6,43.8,0.6,3.24,0.02,2.88,0.04,5,0.3,16.4,0.5,36.4,0.6,25.3,0.5,16.9,0.4,5,0.1,9.8,0.4,8.7,0.4,91.3,0.4,1.1,0.2,21.6,0.5,266208,3429,73.3,0.7,26.7,0.7,207189,4107,56.1,1.1,43.9,1.1
0400000US54,West Virginia,28864,1424,53.1,2.4,46.9,2.4,28864,1424,18.8,1.8,42.9,2.3,9.1,1.6,0.7,0.3,24.3,2.4,4.2,1.2,47.8,1.8,52.2,1.8,0.8,0.4,4.4,1,9.7,1.7,36.7,2.3,15,1.6,14.7,1.6,10.5,1.2,5.3,1.1,2.9,0.8,44.1,1.3,null,94.5,1.2,42.8,2.5,10.3,1.7,0.2,0.1,33.2,2.1,0,0.1,8,1.9,5.5,1.2,19.6,2.1,34,2.5,60.4,2.4,34,2.4,2.47,0.12,3.17,0.14,27787,1386,23.2,2.1,57.8,2.6,11.7,1.9,7.3,1.4,5837,841,1,1.1,12.4,2.9,13.1,3.8,73.4,4.3,24559,1171,11.3,1.7,null,22.1,2.3,20.6,2.4,20.8,1.9,25.2,2.1,28626,1414,31.1,2.8,68.9,2.8,23.7,2.1,27624,1363,60.3,2.3,60.1,2.3,57.9,2.2,2.2,0.6,3.7,1,0.1,0.2,39.7,2.3,15996,955,75.8,2.7,19.6,2.7,4.4,1.2,0.2,0.2,53.5,3.8,20.6,2.5,11.9,2.1,5.4,2,8.5,2.2,1.9,0.9,2.6,0.8,6.9,1.6,0.6,0.5,6.5,1.6,4.9,1.6,1.1,0.6,2.6,0.9,10,2.3,39,3.6,15.1,2.2,5.6,1.1,3.4,1.2,11660,776,1.3,0.7,2.2,1,10.8,1.9,15.5,2.8,17,2.7,25.1,3.6,28.2,3.2,57772,4846,43730,6094,12530,734,79,2.9,92044,7645,25.2,3.2,20180,1705,4.2,1.2,9151,1108,2.1,1,3790,1838,14,2.5,22448,3697,9.1,1.9,56521,4306,1.13,0.07,27325,1362,16.1,2.6,17.6,2.1,66.3,2.5,10.9,2.5,14.7,4.1,13.3,8.4,5.8,2,5.1,3.1,4.7,5.8,33.6,12.8,56.1,19.2,89.7,17.7,12530,734,58.8,3.4,41.2,3.4,2.62,0.15,2.25,0.17,4.2,1.7,13.2,2.3,30.9,3.2,27.9,2.9,23.9,3.1,5.6,0.3,2.8,0.9,12.5,2.6,87.5,2.6,2.2,0.9,11,1.8,7372,628,78.5,3.9,21.5,3.9,5158,510,60,5,40,5
0400000US55,Wisconsin,295065,4122,47.3,0.9,52.7,0.9,295065,4122,15.9,0.6,36.8,0.7,5.2,0.4,0.6,0.2,39.3,0.7,2.3,0.2,50.8,0.5,49.2,0.5,0.9,0.2,6.7,0.4,8.5,0.4,41.5,0.6,17.7,0.4,12,0.3,7.1,0.3,4.1,0.3,1.4,0.1,41.5,0.3,null,90.3,0.6,36.2,0.8,5.5,0.4,0.5,0.1,32.9,0.7,0.2,0.1,14.9,0.6,9.7,0.6,37.3,0.6,22,0.7,63.5,0.9,34.8,0.8,3.04,0.04,3.65,0.05,279620,3909,26.5,0.7,59.6,0.7,9.5,0.4,4.4,0.3,47478,1932,1.8,0.5,23.8,1.8,21.1,1.5,53.3,2,247519,3332,24.8,0.8,null,22.9,0.7,18.3,0.6,17.1,0.5,16.9,0.6,292511,4041,22.8,0.6,77.2,0.6,38.7,0.9,277670,3917,69.3,0.7,69.2,0.7,66.9,0.7,2.3,0.2,3.4,0.3,0.1,0.1,30.7,0.7,185719,3272,84.8,0.8,10.1,0.6,4.8,0.5,0.3,0.1,35.7,0.9,18.7,0.8,11.9,0.6,9.2,0.5,24.5,0.8,3.4,0.3,4.8,0.5,24,0.8,2.3,0.3,7.5,0.5,3.5,0.4,1,0.1,4.3,0.4,11.4,0.6,21.7,0.8,9.6,0.6,4.5,0.3,1.9,0.3,137170,2651,1.9,0.3,2.4,0.4,11.5,0.7,18,0.8,23.2,0.9,19.7,0.9,23.3,0.9,47573,1068,39731,1004,125840,2555,86.6,0.7,90578,2156,18,0.8,20550,653,4,0.4,10125,423,2.6,0.4,3607,577,11.5,0.7,25966,3026,14.6,0.9,62900,1415,1.45,0.02,290365,4209,14.4,0.7,20,0.8,65.6,0.9,12.4,0.9,15.8,1.3,15.4,3.5,8.6,1,10.6,1.4,11,4.7,28.8,2.9,34.5,3.6,40.2,11,125840,2555,53.2,1.1,46.8,1.1,3.3,0.05,2.76,0.05,3.1,0.4,14.3,0.8,42.3,1.1,24.9,0.9,15.3,0.7,5,0.1,8.5,0.7,7.5,0.6,92.5,0.6,1.1,0.2,20.1,0.9,66926,1802,78.1,1.3,21.9,1.3,58914,1956,64.6,1.7,35.4,1.7
0400000US56,Wyoming,19660,1303,39.7,3.6,60.3,3.6,19660,1303,19.2,2.6,19.9,2.4,2.9,0.9,1,0.5,50.3,3.2,6.7,1.4,48.8,2.1,51.2,2.1,0.1,0.1,5.4,1.6,9.2,1.9,46.1,2.8,17.5,2.4,11.3,1.7,6.4,1.5,3.2,0.8,0.8,0.4,39.5,1.6,null,89.6,2.6,52.7,3.7,2.5,0.9,0.3,0.3,17.2,2.1,0.1,0.2,16.7,2.9,10.4,2.6,49.2,3.2,28.3,2.7,61.2,3.5,36.5,3.6,2.97,0.16,3.59,0.19,19046,1186,26.5,2.8,60.2,3.3,11,2.1,2.3,0.7,3152,449,0.4,0.5,14.9,4.5,22.3,7.6,62.4,8.3,16771,1062,24,2.9,null,29.2,3.1,18.7,2.8,15.3,2.2,12.7,1.7,19640,1297,28.7,2.8,71.3,2.8,36.7,3,18864,1158,69,2.3,68.2,2.3,64.1,2.1,4.1,1,6,1.5,0.9,0.5,31,2.3,12085,881,77.6,3.3,18.1,3,3.8,1.5,0.5,0.5,30.2,3.4,26.3,3,12.6,2.8,22.4,3,8.6,2.1,8.4,2.1,13.5,2.3,2.8,1.1,0.8,0.5,12.2,2.3,2.7,1.3,0.9,0.6,1.5,0.8,8.1,2,26.7,2.8,14.5,2.8,4.4,1.8,3.6,1.5,8227,703,2.7,1.2,2.3,1.3,13.7,3.2,17.2,3.5,23.1,3.9,19.8,3.8,21.2,3.4,49838,6069,37717,2184,8115,659,87.8,2.6,84356,11710,14.6,3.3,19721,2616,1.7,1.1,13486,6261,1.5,1.5,895,294,14.3,3.3,20148,4275,3,1.6,64154,6333,1.46,0.08,19270,1303,17,3.4,17.2,3.1,65.9,3.7,14.9,4.8,19.6,6.7,21.2,19,10,5.3,14.4,7.5,15.9,26,34.8,13.8,36.4,15.5,45.8,39.1,8115,659,58,5.2,42,5.2,3.11,0.24,2.78,0.26,3.1,1.9,16.7,4.2,42.6,5.1,22.9,3.8,14.6,2.8,5,0.2,8.8,3,5,2.2,95,2.2,1.6,1.2,20.6,4.1,4710,542,77.5,5.3,22.5,5.3,3405,529,57.7,6.9,42.3,6.9